,total_price,area,house_age,rent_sale_ratio,total_amenity_score,score_metro,score_school,score_hospital,score_shopping,score_dining
total_price,1.0,0.7514351791903109,-0.08429933782573026,-0.1147755527665531,0.0823294185348284,0.16327556408696414,-0.018165288809984453,0.04681109241197649,-0.08144617882882267,-0.15582958371682806
area,0.7514351791903109,1.0,-0.11993316005138623,-0.14635329925392487,-0.1856824792625036,-0.1407920838080252,-0.12696734946964372,-0.178632881960747,0.019557462587887688,-0.05034986905839989
house_age,-0.08429933782573026,-0.11993316005138623,1.0,0.005894963916624105,0.3405247695606384,0.3472450960899096,0.10802491745765432,0.35158547059879874,-0.18420830152693413,-0.018850038812848118
rent_sale_ratio,-0.1147755527665531,-0.14635329925392487,0.005894963916624105,1.0,0.06537911470166376,0.05939984319966905,0.019663113072603162,0.061642534752655735,0.01806584834576515,0.009903867665152027
total_amenity_score,0.0823294185348284,-0.1856824792625036,0.3405247695606384,0.06537911470166376,1.0,0.8638732890882695,0.617760806458696,0.8672315583315809,0.007504103706989658,0.10193908191743595
score_metro,0.16327556408696414,-0.1407920838080252,0.3472450960899096,0.05939984319966905,0.8638732890882695,1.0,0.29635926986935834,0.6326630297502275,-0.15369762902015421,-0.06126323971235348
score_school,-0.018165288809984453,-0.12696734946964372,0.10802491745765432,0.019663113072603162,0.617760806458696,0.29635926986935834,1.0,0.45973049463520954,-0.011944270875460235,-0.006356396922933078
score_hospital,0.04681109241197649,-0.178632881960747,0.35158547059879874,0.061642534752655735,0.8672315583315809,0.6326630297502275,0.45973049463520954,1.0,-0.08945584958515206,0.04687718773279793
score_shopping,-0.08144617882882267,0.019557462587887688,-0.18420830152693413,0.01806584834576515,0.007504103706989658,-0.15369762902015421,-0.011944270875460235,-0.08945584958515206,1.0,0.3358166920271759
score_dining,-0.15582958371682806,-0.05034986905839989,-0.018850038812848118,0.009903867665152027,0.10193908191743595,-0.06126323971235348,-0.006356396922933078,0.04687718773279793,0.3358166920271759,1.0
