variable,coef,std_err,t,pvalue,signif,pct_effect
const,-0.2822242501415366,0.018475501225607472,-15.275593700828386,1.112105543253583e-52,***,
total_price,0.001816163463843963,5.012078891072815e-05,36.23573178544324,1.6672831942027677e-287,***,0.18178136875817152
house_age,-0.000880011325318236,0.0007152999979332412,-1.2302688771996435,0.218596434830433,,-0.08796242289099698
district_兰溪,-0.10103454580972496,0.015515830871649067,-6.511707084558258,7.430150306044105e-11,***,-9.609819367331763
district_婺城,0.054181931485016356,0.01273206739076495,4.25554859412043,2.085370644846757e-05,***,5.567664550499818
district_武义县,0.08807349366014056,0.025363396926186676,3.4724644303937167,0.0005157033449609997,***,9.206837918127508
district_永康,0.13624587949876152,0.01592391440388774,8.556054500361908,1.1679609879776936e-17,***,14.59636279195269
district_浦江县,-0.030871267046068292,0.024520643479739684,-1.258990901750839,0.2080336181508523,,-3.039961543618397
district_金东,-0.007278381892113727,0.014370841722811955,-0.5064687255277598,0.6125276392550696,,-0.7251958615725695
floor_type_低层,-0.0019722850033376,0.010953207001554353,-0.18006461514492658,0.8571018415358882,,-0.19703413273081116
floor_type_未知,-0.14319353898533518,0.0233817869353483,-6.124148653876276,9.116975007025366e-10,***,-13.341366557543699
floor_type_高层,-0.04259485896142037,0.011092296497807918,-3.840039704117002,0.00012301441389151195,***,-4.170044209147861
decoration_简单装修,0.1394686715206886,0.024153585026260024,5.774243093481023,7.729977052254074e-09,***,14.96627879670067
decoration_精装修,0.13209184295247292,0.012376575162449091,10.672729831855554,1.3655453882928363e-26,***,14.121312683721277
decoration_豪华装修,0.19933084652194666,0.01887244682231718,10.562003347983078,4.470182114609084e-26,***,22.058572564700363
property_type_别墅,-0.22680893955127993,0.03361753061138977,-6.746745981230282,1.511976376539173e-11,***,-20.292694312123928
property_type_商住楼,-0.3412180425964338,0.024847223639515453,-13.732642630292997,6.472879444756642e-43,***,-28.90961160225961
