分组,房源类型,变量,F值,p值,效应量_eta_sq,有效样本数
全国,二手房,decoration,130.07091586616812,1.4292524764310023e-83,0.016281786017175576,23580
全国,二手房,elevator,26.059166474946817,3.3368561143174564e-07,0.0011040120807678233,23580
全国,二手房,floor_type,331.52259318558185,4.455813314664604e-278,0.053254309465657616,23580
全国,二手房,property_type,1753.4764060338412,0.0,0.12948452673810243,23580
全国,二手房,orientation,240.0313864689899,0.0,0.08395875482709739,23580
全国,二手房,ownership_type,81.69090401254176,1.4254323929550724e-52,0.010288063640130761,23580
全国,二手房,property_years,99.78090542153939,7.048088667769626e-44,0.008393215656271652,23580
全国,租房,decoration,108.89308248790115,6.363133396702669e-70,0.016386662496351352,19613
全国,租房,elevator,0.9793009174201477,0.32238366869748114,4.993381353274922e-05,19613
全国,租房,floor_type,62.75501481639656,8.595817181248259e-53,0.012640103011954423,19613
全国,租房,property_type,347.77219202547377,3.813182836648723e-149,0.03425391464004605,19613
全国,租房,orientation,18.717081765092942,1.8029676913665962e-31,0.008520048051908667,19613
全国,租房,ownership_type,27.495450332456254,9.77895746980105e-18,0.004188934726767888,19613
全国,租房,property_years,5.252067502354288,0.005244049025183913,0.0005353651941067239,19613
杭州,二手房,decoration,49.78607717909497,6.504551010076235e-32,0.015791137095999948,9313
杭州,二手房,elevator,28.107623610189087,1.1738247558216151e-07,0.0030096690971983483,9313
杭州,二手房,floor_type,45.73531360681866,2.478315909276756e-29,0.014524978777727012,9313
杭州,二手房,property_type,253.46067379961855,6.541691366240419e-108,0.05163750728462406,9313
杭州,二手房,orientation,10.617826398410497,1.5289123922971236e-16,0.010167561108990652,9313
杭州,二手房,ownership_type,194.77340847702015,1.357672511972378e-83,0.040161341999313135,9313
杭州,二手房,property_years,159.97193310019048,4.922465639246529e-69,0.033223855782102185,9313
杭州,租房,decoration,94.71297037191438,2.254582719597425e-60,0.029824159568433022,9247
杭州,租房,elevator,8.460916177223645,0.0036372323233957666,0.0009143515333200334,9247
杭州,租房,floor_type,26.58523760972343,5.875993577579532e-22,0.011375382113539743,9247
杭州,租房,property_type,153.91676616866084,1.7526384256654456e-66,0.03222769024346629,9247
杭州,租房,orientation,24.221019059047684,1.8145331637488663e-41,0.023055464958943082,9247
杭州,租房,ownership_type,75.93973976332477,1.9399562954879227e-33,0.016164477189984244,9247
杭州,租房,property_years,5.389656781731827,0.004577891232051282,0.0011647294006963396,9247
金华,二手房,decoration,164.87991933895069,9.524396454847392e-103,0.07540654308223695,6069
金华,二手房,elevator,5.033963735100267,0.02489088086677924,0.0008290407736790254,6069
金华,二手房,floor_type,752.1726444379735,0.0,0.3316205432079678,6069
金华,二手房,property_type,2446.276832959199,0.0,0.44645979889978216,6069
金华,二手房,orientation,5.420507946543726,1.9577891822858983e-07,0.007987277702357094,6069
金华,二手房,ownership_type,48.86224122769939,3.3920472757805746e-31,0.023598917668524642,6069
金华,二手房,property_years,48.4895961703095,1.2817396315459753e-21,0.015735765011367427,6069
金华,租房,decoration,52.3895443096685,3.4424771795281296e-33,0.038824625943333774,3895
金华,租房,elevator,13.054438803446214,0.0003063889266048436,0.0033421036516442463,3895
金华,租房,floor_type,87.28104683892546,4.047707808081984e-71,0.08235762198169523,3895
金华,租房,property_type,190.82130006588022,8.770684499130138e-80,0.08930147788212194,3895
金华,租房,orientation,7.849556978688893,1.472435564902841e-11,0.017859538639062113,3895
金华,租房,ownership_type,29.557950795547598,6.865819562808934e-19,0.02228168831811792,3895
金华,租房,property_years,16.532108513931053,7.087982322895122e-08,0.008423866515207998,3895
临沂,二手房,decoration,244.00526324350756,1.1609206464928686e-151,0.08200924208230896,8198
临沂,二手房,elevator,74.62073411485672,6.783625395649172e-18,0.009022386168314949,8198
临沂,二手房,floor_type,311.14168111427307,1.375006900424371e-249,0.13187368744443898,8198
临沂,二手房,property_type,4814.970909815133,0.0,0.5402509538081631,8198
临沂,二手房,orientation,14.972478677815783,2.0418757428161417e-24,0.01619083484788929,8198
临沂,二手房,ownership_type,32.262618669507994,1.006241225476861e-20,0.011674144567380243,8198
临沂,二手房,property_years,26.77352764934606,2.571745681543639e-12,0.006491695439173694,8198
临沂,租房,decoration,90.85635149740033,1.374247044209682e-57,0.040443098407089165,6471
临沂,租房,elevator,27.477026153059864,1.6400723594451037e-07,0.004229527179492021,6471
临沂,租房,floor_type,44.59733078616944,5.388482671998673e-37,0.026848114171047564,6471
临沂,租房,property_type,670.2376458450175,2.9579775617508845e-265,0.1716692749372724,6471
临沂,租房,orientation,32.68270432101294,1.0071958741946073e-56,0.043543753343024565,6471
临沂,租房,ownership_type,23.92468981248022,2.1568365864524246e-15,0.010976685946822398,6471
临沂,租房,property_years,19.884311759190552,2.459195330901897e-09,0.006110946135156304,6471
