变量,房源类型,group1,group2,meandiff,p-adj,lower,upper,reject
total_price,租房,临沂,杭州,1954.5052,0.0,1885.0855,2023.9249,True
total_price,租房,临沂,金华,931.4046,0.0,844.5413,1018.2679,True
total_price,租房,杭州,金华,-1023.1006,0.0,-1104.9182,-941.283,True
area,租房,临沂,杭州,-18.7897,0.0,-20.5322,-17.0472,True
area,租房,临沂,金华,3.9797,0.0001,1.7994,6.16,True
area,租房,杭州,金华,22.7694,0.0,20.7158,24.8231,True
house_age,租房,临沂,杭州,1.0185,0.0,0.7467,1.2902,True
house_age,租房,临沂,金华,1.0438,0.0,0.7038,1.3839,True
house_age,租房,杭州,金华,0.0254,0.9812,-0.2949,0.3456,False
total_amenity_score,租房,临沂,杭州,4.1734,0.0,4.0694,4.2774,True
total_amenity_score,租房,临沂,金华,0.521,0.0,0.3908,0.6511,True
total_amenity_score,租房,杭州,金华,-3.6524,0.0,-3.775,-3.5298,True
