类别特征,数值特征,p值,显著性
property_type,unit_price,5.825937339943961e-26,显著
property_type,house_age,3.379006533310944e-28,显著
property_type,rent_sale_ratio,5.1968806294288134e-92,显著
property_type,total_amenity_score,4.802833936083213e-106,显著
decoration,unit_price,4.3208703833968217e-38,显著
decoration,house_age,5.28539076056845e-52,显著
decoration,rent_sale_ratio,0.1053112536754304,不显著
decoration,total_amenity_score,4.47710168380942e-24,显著
floor_type,unit_price,7.214568634220294e-09,显著
floor_type,house_age,5.0754517920044563e-20,显著
floor_type,rent_sale_ratio,8.827532233932743e-07,显著
floor_type,total_amenity_score,1.139632361019742e-46,显著
district,unit_price,0.0,显著
district,house_age,0.0,显著
district,rent_sale_ratio,4.6480241269911785e-25,显著
district,total_amenity_score,0.0,显著
ownership_type,unit_price,1.1604993789392146e-22,显著
ownership_type,house_age,5.383093659023293e-28,显著
ownership_type,rent_sale_ratio,4.0903755020292135e-137,显著
ownership_type,total_amenity_score,5.245844549039273e-07,显著
orientation,unit_price,3.040467885499519e-15,显著
orientation,house_age,9.601673707947338e-06,显著
orientation,rent_sale_ratio,0.0034204302215079035,显著
orientation,total_amenity_score,6.613454435699581e-46,显著
