序号,小区URL,标签,状态,house_状态,district
1,https://linyi.anjuke.com/community/view/972839,近地铁|近学校|户型丰富|绿化好,已爬取,已爬取,罗庄
2,https://linyi.anjuke.com/community/view/941535,,已爬取,已爬取,兰山
3,https://linyi.anjuke.com/community/view/923540,近地铁|近学校|大户型居多|户型丰富,已爬取,已爬取,北城新区
4,https://linyi.anjuke.com/community/view/792849,近地铁|近学校|户型丰富,已爬取,已爬取,北城新区
5,https://linyi.anjuke.com/community/view/677015,近地铁|近学校|户型丰富,已爬取,已爬取,开发区
6,https://linyi.anjuke.com/community/view/792466,近地铁|近学校|户型丰富,已爬取,已爬取,北城新区
7,https://linyi.anjuke.com/community/view/1010264,近地铁|近学校|户型丰富,已爬取,已爬取,北城新区
8,https://linyi.anjuke.com/community/view/940147,,已爬取,已爬取,北城新区
9,https://linyi.anjuke.com/community/view/713771,,已爬取,已爬取,兰山
10,https://linyi.anjuke.com/community/view/677911,近地铁|近学校|户型丰富,已爬取,已爬取,开发区
11,https://linyi.anjuke.com/community/view/676732,近地铁|近学校|户型丰富|绿化好,已爬取,已爬取,北城新区
12,https://linyi.anjuke.com/community/view/677210,近地铁|近学校|户型丰富,已爬取,已爬取,兰山
13,https://linyi.anjuke.com/community/view/676910,,已爬取,已爬取,北城新区
14,https://linyi.anjuke.com/community/view/766114,近地铁|近学校|绿化好,已爬取,已爬取,北城新区
15,https://linyi.anjuke.com/community/view/676964,近地铁|近学校|大户型居多|户型丰富|绿化好,已爬取,已爬取,北城新区
16,https://linyi.anjuke.com/community/view/677898,近地铁|近学校|户型丰富,已爬取,已爬取,开发区
17,https://linyi.anjuke.com/community/view/972699,近地铁|近学校|户型丰富,已爬取,已爬取,兰山
18,https://linyi.anjuke.com/community/view/1160573,近地铁|近学校|大户型居多|户型丰富,已爬取,已爬取,河东
19,https://linyi.anjuke.com/community/view/678222,近地铁|近学校|绿化好,已爬取,已爬取,北城新区
20,https://linyi.anjuke.com/community/view/678257,近地铁|近学校|大户型居多|户型丰富|绿化好,已爬取,已爬取,北城新区
21,https://linyi.anjuke.com/community/view/677108,近地铁|近学校|户型丰富,已爬取,已爬取,兰山
22,https://linyi.anjuke.com/community/view/1193511,近地铁|近学校|大户型居多|户型丰富|绿化好,已爬取,已爬取,北城新区
23,https://linyi.anjuke.com/community/view/678233,近地铁|近学校|户型丰富|绿化好,已爬取,已爬取,北城新区
24,https://linyi.anjuke.com/community/view/938887,近地铁|近学校|大户型居多,已爬取,已爬取,北城新区
25,https://linyi.anjuke.com/community/view/972666,近地铁|近学校|大户型居多|绿化好,已爬取,已爬取,北城新区
26,https://linyi.anjuke.com/community/view/678280,近地铁|近学校|大户型居多,已爬取,已爬取,北城新区
27,https://linyi.anjuke.com/community/view/994769,近地铁|近学校|户型丰富|绿化好,已爬取,已爬取,河东
28,https://linyi.anjuke.com/community/view/923072,,已爬取,已爬取,北城新区
29,https://linyi.anjuke.com/community/view/792467,近地铁|近学校|户型丰富|绿化好,已爬取,已爬取,北城新区
30,https://linyi.anjuke.com/community/view/792468,近地铁|近学校|大户型居多|户型丰富|绿化好,已爬取,已爬取,北城新区
31,https://linyi.anjuke.com/community/view/1054214,近地铁|近学校|户型丰富,已爬取,已爬取,开发区
32,https://linyi.anjuke.com/community/view/1226038,近地铁|近学校|大户型居多|户型丰富,已爬取,已爬取,开发区
33,https://linyi.anjuke.com/community/view/1190487,近地铁|近学校|户型丰富,已爬取,已爬取,兰山
34,https://linyi.anjuke.com/community/view/677030,近地铁|近学校|大户型居多|户型丰富,已爬取,已爬取,兰山
35,https://linyi.anjuke.com/community/view/677902,近地铁|近学校|户型丰富,已爬取,已爬取,河东
36,https://linyi.anjuke.com/community/view/676642,近地铁|近学校|小户型居多|户型丰富,已爬取,已爬取,兰山
37,https://linyi.anjuke.com/community/view/1001590,近地铁|近学校|大户型居多|户型丰富,已爬取,已爬取,北城新区
38,https://linyi.anjuke.com/community/view/973224,近地铁|近学校|户型丰富,已爬取,已爬取,罗庄
39,https://linyi.anjuke.com/community/view/1061521,近地铁|近学校|绿化好,已爬取,已爬取,河东
40,https://linyi.anjuke.com/community/view/678205,近地铁|近学校|户型丰富|绿化好,已爬取,已爬取,北城新区
41,https://linyi.anjuke.com/community/view/783035,近地铁|近学校|户型丰富|绿化好,已爬取,已爬取,北城新区
42,https://linyi.anjuke.com/community/view/972738,近地铁|近学校|户型丰富,已爬取,已爬取,郯城
43,https://linyi.anjuke.com/community/view/677009,近地铁|近学校|大户型居多|户型丰富,已爬取,已爬取,兰山
44,https://linyi.anjuke.com/community/view/676697,近地铁|近学校|户型丰富,已爬取,已爬取,兰山
45,https://linyi.anjuke.com/community/view/676858,近地铁|近学校|大户型居多|户型丰富|绿化好,已爬取,已爬取,北城新区
46,https://linyi.anjuke.com/community/view/864374,近地铁|近学校|户型丰富|绿化好,已爬取,已爬取,北城新区
47,https://linyi.anjuke.com/community/view/864365,近地铁|近学校|户型丰富,已爬取,已爬取,开发区
48,https://linyi.anjuke.com/community/view/1008631,,已爬取,已爬取,罗庄
49,https://linyi.anjuke.com/community/view/871671,,已爬取,已爬取,北城新区
50,https://linyi.anjuke.com/community/view/909610,,已爬取,已爬取,北城新区
51,https://linyi.anjuke.com/community/view/973220,近地铁|近学校|户型丰富,已爬取,已爬取,北城新区
52,https://linyi.anjuke.com/community/view/677158,近地铁|近学校|绿化好,已爬取,已爬取,兰山
53,https://linyi.anjuke.com/community/view/972776,近地铁|近学校|户型丰富,已爬取,已爬取,罗庄
54,https://linyi.anjuke.com/community/view/972986,近地铁|近学校|绿化好,已爬取,已爬取,北城新区
55,https://linyi.anjuke.com/community/view/676848,,已爬取,已爬取,北城新区
56,https://linyi.anjuke.com/community/view/676890,,已爬取,已爬取,兰山
57,https://linyi.anjuke.com/community/view/678028,,已爬取,已爬取,平邑
58,https://linyi.anjuke.com/community/view/972674,近地铁|近学校|户型丰富,已爬取,已爬取,河东
59,https://linyi.anjuke.com/community/view/676631,近地铁|近学校|户型丰富,已爬取,已爬取,兰山
60,https://linyi.anjuke.com/community/view/996451,,已爬取,已爬取,北城新区
61,https://linyi.anjuke.com/community/view/1002818,,已爬取,已爬取,兰山
62,https://linyi.anjuke.com/community/view/1045640,,已爬取,已爬取,兰山
63,https://linyi.anjuke.com/community/view/678262,,已爬取,已爬取,北城新区
64,https://linyi.anjuke.com/community/view/677008,近地铁|近学校|大户型居多,已爬取,已爬取,北城新区
65,https://linyi.anjuke.com/community/view/678310,近地铁|近学校|户型丰富|绿化好,已爬取,已爬取,北城新区
66,https://linyi.anjuke.com/community/view/1478318,近地铁|近学校|大户型居多|次新小区,已爬取,已爬取,兰山
67,https://linyi.anjuke.com/community/view/923076,,已爬取,已爬取,兰山
68,https://linyi.anjuke.com/community/view/873700,近地铁|近学校|大户型居多|户型丰富,已爬取,已爬取,北城新区
69,https://linyi.anjuke.com/community/view/972796,近地铁|近学校|大户型居多|户型丰富,已爬取,已爬取,北城新区
70,https://linyi.anjuke.com/community/view/678309,,已爬取,已爬取,兰山
71,https://linyi.anjuke.com/community/view/677241,,已爬取,已爬取,兰山
72,https://linyi.anjuke.com/community/view/972999,近地铁|近学校|户型丰富,已爬取,已爬取,兰山
73,https://linyi.anjuke.com/community/view/1265101,近地铁|近学校|大户型居多,已爬取,已爬取,河东
74,https://linyi.anjuke.com/community/view/677772,,已爬取,已爬取,罗庄
75,https://linyi.anjuke.com/community/view/1024247,近地铁|近学校|户型丰富,已爬取,已爬取,兰山
76,https://linyi.anjuke.com/community/view/789055,,已爬取,已爬取,北城新区
77,https://linyi.anjuke.com/community/view/678328,近地铁|近学校|大户型居多|户型丰富|绿化好,已爬取,已爬取,北城新区
78,https://linyi.anjuke.com/community/view/677831,近地铁|近学校|户型丰富,已爬取,已爬取,河东
79,https://linyi.anjuke.com/community/view/677012,近地铁|近学校|大户型居多|户型丰富|绿化好,已爬取,已爬取,北城新区
80,https://linyi.anjuke.com/community/view/676861,近地铁|近学校|大户型居多|户型丰富|绿化好,已爬取,已爬取,兰山
81,https://linyi.anjuke.com/community/view/766117,,已爬取,已爬取,北城新区
82,https://linyi.anjuke.com/community/view/972678,,已爬取,已爬取,莒南
83,https://linyi.anjuke.com/community/view/678356,近地铁|近学校|户型丰富|次新小区,已爬取,已爬取,罗庄
84,https://linyi.anjuke.com/community/view/973218,近地铁|近学校|绿化好,已爬取,已爬取,兰山
85,https://linyi.anjuke.com/community/view/923075,近地铁|近学校|户型丰富,已爬取,已爬取,兰山
86,https://linyi.anjuke.com/community/view/972703,,已爬取,已爬取,罗庄
87,https://linyi.anjuke.com/community/view/973222,近地铁|近学校|户型丰富,已爬取,已爬取,河东
88,https://linyi.anjuke.com/community/view/909611,,已爬取,已爬取,北城新区
89,https://linyi.anjuke.com/community/view/1428070,,已爬取,已爬取,沂水
90,https://linyi.anjuke.com/community/view/678259,,已爬取,已爬取,北城新区
91,https://linyi.anjuke.com/community/view/1060274,近地铁|近学校|大户型居多|绿化好,已爬取,已爬取,河东
92,https://linyi.anjuke.com/community/view/677333,近地铁|近学校|绿化好,已爬取,已爬取,兰山
93,https://linyi.anjuke.com/community/view/677018,近地铁|近学校|大户型居多,已爬取,已爬取,北城新区
94,https://linyi.anjuke.com/community/view/1161011,近地铁|近学校|大户型居多,已爬取,已爬取,临沭
95,https://linyi.anjuke.com/community/view/972725,,已爬取,已爬取,兰山
96,https://linyi.anjuke.com/community/view/678331,近地铁|近学校|大户型居多,已爬取,已爬取,北城新区
97,https://linyi.anjuke.com/community/view/781049,,已爬取,已爬取,北城新区
98,https://linyi.anjuke.com/community/view/923541,,已爬取,已爬取,北城新区
99,https://linyi.anjuke.com/community/view/863541,近地铁|近学校|绿化好,已爬取,已爬取,兰山
100,https://linyi.anjuke.com/community/view/863269,近地铁|近学校|户型丰富,已爬取,已爬取,兰山
101,https://linyi.anjuke.com/community/view/676857,,已爬取,已爬取,北城新区
102,https://linyi.anjuke.com/community/view/677067,,已爬取,已爬取,兰山
103,https://linyi.anjuke.com/community/view/973231,,已爬取,已爬取,平邑
104,https://linyi.anjuke.com/community/view/1007905,近地铁|近学校|绿化好,已爬取,已爬取,罗庄
105,https://linyi.anjuke.com/community/view/713715,,已爬取,已爬取,兰山
106,https://linyi.anjuke.com/community/view/677225,近地铁|近学校|大户型居多|户型丰富,已爬取,已爬取,兰山
107,https://linyi.anjuke.com/community/view/972982,,已爬取,已爬取,兰山
108,https://linyi.anjuke.com/community/view/972721,,已爬取,已爬取,罗庄
109,https://linyi.anjuke.com/community/view/1018019,,已爬取,已爬取,北城新区
110,https://linyi.anjuke.com/community/view/1186429,近地铁|近学校|户型丰富,已爬取,已爬取,兰山
111,https://linyi.anjuke.com/community/view/677843,,已爬取,已爬取,河东
112,https://linyi.anjuke.com/community/view/1280431,近地铁|近学校|大户型居多|户型丰富|次新小区,已爬取,已爬取,北城新区
113,https://linyi.anjuke.com/community/view/678263,近地铁|近学校|大户型居多|户型丰富|绿化好,已爬取,已爬取,兰山
114,https://linyi.anjuke.com/community/view/792843,近地铁|近学校|大户型居多,已爬取,已爬取,兰山
115,https://linyi.anjuke.com/community/view/991341,近地铁|近学校|户型丰富|绿化好,已爬取,已爬取,兰山
116,https://linyi.anjuke.com/community/view/1007304,近地铁|近学校|户型丰富,已爬取,已爬取,郯城
117,https://linyi.anjuke.com/community/view/676883,近地铁|近学校|大户型居多|户型丰富,已爬取,已爬取,兰山
118,https://linyi.anjuke.com/community/view/973157,,已爬取,已爬取,开发区
119,https://linyi.anjuke.com/community/view/678323,近地铁|近学校|户型丰富,已爬取,已爬取,兰山
120,https://linyi.anjuke.com/community/view/972778,,已爬取,已爬取,河东
121,https://linyi.anjuke.com/community/view/766265,,已爬取,已爬取,兰山
122,https://linyi.anjuke.com/community/view/676885,近地铁|近学校|大户型居多|户型丰富,已爬取,已爬取,兰山
123,https://linyi.anjuke.com/community/view/779965,近地铁|近学校|绿化好,已爬取,已爬取,兰山
124,https://linyi.anjuke.com/community/view/913066,近地铁|近学校|户型丰富,已爬取,已爬取,兰山
125,https://linyi.anjuke.com/community/view/678321,,已爬取,已爬取,北城新区
126,https://linyi.anjuke.com/community/view/678211,近地铁|近学校|大户型居多|户型丰富,已爬取,已爬取,北城新区
127,https://linyi.anjuke.com/community/view/1187592,近地铁|近学校|大户型居多,已爬取,已爬取,平邑
128,https://linyi.anjuke.com/community/view/972614,近地铁|近学校|绿化好,已爬取,已爬取,罗庄
129,https://linyi.anjuke.com/community/view/945212,近地铁|近学校|绿化好,已爬取,已爬取,沂水
130,https://linyi.anjuke.com/community/view/909865,,已爬取,已爬取,北城新区
131,https://linyi.anjuke.com/community/view/677603,,已爬取,已爬取,罗庄
132,https://linyi.anjuke.com/community/view/972609,,已爬取,已爬取,河东
133,https://linyi.anjuke.com/community/view/863271,近地铁|近学校|户型丰富|绿化好,已爬取,已爬取,兰山
134,https://linyi.anjuke.com/community/view/678326,近地铁|近学校|大户型居多|户型丰富,已爬取,已爬取,北城新区
135,https://linyi.anjuke.com/community/view/972755,,已爬取,已爬取,河东
136,https://linyi.anjuke.com/community/view/676852,,已爬取,已爬取,兰山
137,https://linyi.anjuke.com/community/view/792845,近地铁|近学校|户型丰富,已爬取,已爬取,北城新区
138,https://linyi.anjuke.com/community/view/941014,,已爬取,已爬取,罗庄
139,https://linyi.anjuke.com/community/view/677478,近地铁|近学校|小户型居多|绿化好,已爬取,已爬取,兰山
140,https://linyi.anjuke.com/community/view/713709,,已爬取,已爬取,北城新区
141,https://linyi.anjuke.com/community/view/1073568,近地铁|近学校|绿化好,已爬取,已爬取,北城新区
142,https://linyi.anjuke.com/community/view/678334,,已爬取,已爬取,北城新区
143,https://linyi.anjuke.com/community/view/972645,,已爬取,已爬取,河东
144,https://linyi.anjuke.com/community/view/766560,,已爬取,已爬取,开发区
145,https://linyi.anjuke.com/community/view/972753,,已爬取,已爬取,兰山
146,https://linyi.anjuke.com/community/view/677063,,已爬取,已爬取,河东
147,https://linyi.anjuke.com/community/view/677660,,已爬取,已爬取,罗庄
148,https://linyi.anjuke.com/community/view/677623,近地铁|近学校|户型丰富,已爬取,已爬取,罗庄
149,https://linyi.anjuke.com/community/view/973151,,已爬取,已爬取,罗庄
150,https://linyi.anjuke.com/community/view/909866,近地铁|近学校|小户型居多|户型丰富,已爬取,已爬取,北城新区
151,https://linyi.anjuke.com/community/view/714085,近地铁|近学校|绿化好,已爬取,已爬取,河东
152,https://linyi.anjuke.com/community/view/1012033,近地铁|近学校|户型丰富|次新小区,已爬取,已爬取,开发区
153,https://linyi.anjuke.com/community/view/676971,,已爬取,已爬取,兰山
154,https://linyi.anjuke.com/community/view/973112,近地铁|近学校|大户型居多,已爬取,已爬取,费县
155,https://linyi.anjuke.com/community/view/676851,近地铁|近学校|户型丰富,已爬取,已爬取,兰山
156,https://linyi.anjuke.com/community/view/972669,,已爬取,已爬取,兰山
157,https://linyi.anjuke.com/community/view/973080,近地铁|近学校|大户型居多,已爬取,已爬取,罗庄
158,https://linyi.anjuke.com/community/view/676730,,已爬取,已爬取,北城新区
159,https://linyi.anjuke.com/community/view/677005,近地铁|近学校|小户型居多,已爬取,已爬取,北城新区
160,https://linyi.anjuke.com/community/view/676751,,已爬取,已爬取,兰山
161,https://linyi.anjuke.com/community/view/972597,,已爬取,已爬取,平邑
162,https://linyi.anjuke.com/community/view/677211,近地铁|近学校|户型丰富|绿化好,已爬取,已爬取,兰山
163,https://linyi.anjuke.com/community/view/972700,近地铁|近学校|大户型居多,已爬取,已爬取,临沭
164,https://linyi.anjuke.com/community/view/676689,,已爬取,已爬取,兰山
165,https://linyi.anjuke.com/community/view/677811,,已爬取,已爬取,河东
166,https://linyi.anjuke.com/community/view/972942,,已爬取,已爬取,北城新区
167,https://linyi.anjuke.com/community/view/972943,近地铁|近学校|大户型居多,已爬取,已爬取,开发区
168,https://linyi.anjuke.com/community/view/972602,近地铁|近学校|户型丰富,已爬取,已爬取,罗庄
169,https://linyi.anjuke.com/community/view/677664,,已爬取,已爬取,罗庄
170,https://linyi.anjuke.com/community/view/1088115,,已爬取,已爬取,兰山
171,https://linyi.anjuke.com/community/view/973271,,已爬取,已爬取,开发区
172,https://linyi.anjuke.com/community/view/972712,,已爬取,已爬取,费县
173,https://linyi.anjuke.com/community/view/1005126,近地铁|近学校|小户型居多,已爬取,已爬取,北城新区
174,https://linyi.anjuke.com/community/view/1312734,近地铁|近学校|绿化好,已爬取,已爬取,兰山
175,https://linyi.anjuke.com/community/view/1108801,,已爬取,已爬取,临沭
176,https://linyi.anjuke.com/community/view/1194102,近地铁|近学校|大户型居多,已爬取,已爬取,北城新区
177,https://linyi.anjuke.com/community/view/676842,近地铁|近学校|小户型居多|户型丰富,已爬取,已爬取,兰山
178,https://linyi.anjuke.com/community/view/972822,近地铁|近学校|大户型居多|绿化好,已爬取,已爬取,北城新区
179,https://linyi.anjuke.com/community/view/1195827,近地铁|近学校|户型丰富,已爬取,已爬取,平邑
180,https://linyi.anjuke.com/community/view/677971,,已爬取,已爬取,费县
181,https://linyi.anjuke.com/community/view/676904,,已爬取,已爬取,北城新区
182,https://linyi.anjuke.com/community/view/677600,,已爬取,已爬取,罗庄
183,https://linyi.anjuke.com/community/view/678239,,已爬取,已爬取,北城新区
184,https://linyi.anjuke.com/community/view/991357,,已爬取,已爬取,河东
185,https://linyi.anjuke.com/community/view/1033355,,已爬取,已爬取,河东
186,https://linyi.anjuke.com/community/view/677162,近地铁|近学校|大户型居多,已爬取,已爬取,兰山
187,https://linyi.anjuke.com/community/view/972711,,已爬取,已爬取,兰山
188,https://linyi.anjuke.com/community/view/676876,,已爬取,已爬取,兰山
189,https://linyi.anjuke.com/community/view/676895,近地铁|近学校|绿化好,已爬取,已爬取,兰山
190,https://linyi.anjuke.com/community/view/766264,,已爬取,已爬取,兰山
191,https://linyi.anjuke.com/community/view/767016,近地铁|近学校|小户型居多|户型丰富,已爬取,已爬取,兰山
192,https://linyi.anjuke.com/community/view/677674,近地铁|近学校|户型丰富,已爬取,已爬取,罗庄
193,https://linyi.anjuke.com/community/view/713691,,已爬取,已爬取,罗庄
194,https://linyi.anjuke.com/community/view/676903,近地铁|近学校|小户型居多,已爬取,已爬取,兰山
195,https://linyi.anjuke.com/community/view/938791,近地铁|近学校|绿化好,已爬取,已爬取,兰山
196,https://linyi.anjuke.com/community/view/972926,近地铁|近学校|大户型居多|绿化好,已爬取,已爬取,兰山
197,https://linyi.anjuke.com/community/view/945157,,已爬取,已爬取,沂水
198,https://linyi.anjuke.com/community/view/677555,,已爬取,已爬取,兰山
199,https://linyi.anjuke.com/community/view/912196,,已爬取,已爬取,兰山
200,https://linyi.anjuke.com/community/view/972853,,已爬取,已爬取,沂水
201,https://linyi.anjuke.com/community/view/677044,近地铁|近学校|大户型居多,已爬取,已爬取,兰山
202,https://linyi.anjuke.com/community/view/677912,,已爬取,已爬取,河东
203,https://linyi.anjuke.com/community/view/1085915,近地铁|近学校|户型丰富|次新小区,已爬取,已爬取,河东
204,https://linyi.anjuke.com/community/view/678247,近地铁|近学校|大户型居多,已爬取,已爬取,北城新区
205,https://linyi.anjuke.com/community/view/678246,近地铁|近学校|大户型居多,已爬取,已爬取,北城新区
206,https://linyi.anjuke.com/community/view/1491600,,已爬取,已爬取,莒南
207,https://linyi.anjuke.com/community/view/972959,,已爬取,已爬取,开发区
208,https://linyi.anjuke.com/community/view/677499,,已爬取,已爬取,费县
209,https://linyi.anjuke.com/community/view/954714,,已爬取,已爬取,罗庄
210,https://linyi.anjuke.com/community/view/972644,近地铁|近学校|绿化好,已爬取,已爬取,兰山
211,https://linyi.anjuke.com/community/view/972654,近地铁|近学校|户型丰富,已爬取,已爬取,北城新区
212,https://linyi.anjuke.com/community/view/1073544,近地铁|近学校|大户型居多,已爬取,已爬取,北城新区
213,https://linyi.anjuke.com/community/view/1214941,近地铁|近学校|户型丰富,已爬取,已爬取,平邑
214,https://linyi.anjuke.com/community/view/1012032,,已爬取,已爬取,罗庄
215,https://linyi.anjuke.com/community/view/677050,近地铁|近学校|绿化好,已爬取,已爬取,兰山
216,https://linyi.anjuke.com/community/view/676860,,已爬取,已爬取,兰山
217,https://linyi.anjuke.com/community/view/1010266,近地铁|近学校|小户型居多,已爬取,已爬取,兰山
218,https://linyi.anjuke.com/community/view/677019,,已爬取,已爬取,兰山
219,https://linyi.anjuke.com/community/view/678234,近地铁|近学校|大户型居多,已爬取,已爬取,北城新区
220,https://linyi.anjuke.com/community/view/973239,近地铁|近学校|大户型居多,已爬取,已爬取,兰山
221,https://linyi.anjuke.com/community/view/912584,,已爬取,已爬取,兰山
222,https://linyi.anjuke.com/community/view/678333,,已爬取,已爬取,兰山
223,https://linyi.anjuke.com/community/view/1505467,,已爬取,已爬取,兰山
224,https://linyi.anjuke.com/community/view/939719,,已爬取,已爬取,兰山
225,https://linyi.anjuke.com/community/view/713729,,已爬取,已爬取,兰山
226,https://linyi.anjuke.com/community/view/677961,近地铁|近学校|户型丰富,已爬取,已爬取,郯城
227,https://linyi.anjuke.com/community/view/973016,近地铁|近学校|小户型居多,已爬取,已爬取,兰山
228,https://linyi.anjuke.com/community/view/973116,近地铁|近学校|大户型居多,已爬取,已爬取,兰山
229,https://linyi.anjuke.com/community/view/1076518,近地铁|近学校|大户型居多,已爬取,已爬取,兰山
230,https://linyi.anjuke.com/community/view/676938,近地铁|近学校|大户型居多,已爬取,已爬取,北城新区
231,https://linyi.anjuke.com/community/view/973146,,已爬取,已爬取,开发区
232,https://linyi.anjuke.com/community/view/972741,,已爬取,已爬取,兰山
233,https://linyi.anjuke.com/community/view/677612,,已爬取,已爬取,罗庄
234,https://linyi.anjuke.com/community/view/789054,近地铁|近学校|大户型居多|户型丰富|绿化好,已爬取,已爬取,北城新区
235,https://linyi.anjuke.com/community/view/941707,近地铁|近学校|小户型居多,已爬取,已爬取,兰山
236,https://linyi.anjuke.com/community/view/972764,,已爬取,已爬取,郯城
237,https://linyi.anjuke.com/community/view/1401078,近地铁|近学校|次新小区,已爬取,已爬取,郯城
238,https://linyi.anjuke.com/community/view/677200,,已爬取,已爬取,兰山
239,https://linyi.anjuke.com/community/view/677567,,已爬取,已爬取,兰山
240,https://linyi.anjuke.com/community/view/973233,,已爬取,已爬取,河东
241,https://linyi.anjuke.com/community/view/1066632,近地铁|近学校|户型丰富,已爬取,已爬取,北城新区
242,https://linyi.anjuke.com/community/view/1187583,近地铁|近学校|大户型居多,已爬取,已爬取,平邑
243,https://linyi.anjuke.com/community/view/912502,近地铁|近学校|大户型居多,已爬取,已爬取,兰山
244,https://linyi.anjuke.com/community/view/678342,,已爬取,已爬取,北城新区
245,https://linyi.anjuke.com/community/view/972823,近地铁|近学校|大户型居多|户型丰富|绿化好,已爬取,已爬取,北城新区
246,https://linyi.anjuke.com/community/view/1040965,,已爬取,已爬取,开发区
247,https://linyi.anjuke.com/community/view/677551,近地铁|近学校|大户型居多,已爬取,已爬取,兰山
248,https://linyi.anjuke.com/community/view/1087479,近地铁|近学校|大户型居多,已爬取,已爬取,北城新区
249,https://linyi.anjuke.com/community/view/676846,近地铁|近学校|小户型居多,已爬取,已爬取,兰山
250,https://linyi.anjuke.com/community/view/1088106,近地铁|近学校|大户型居多|户型丰富,已爬取,已爬取,费县
251,https://linyi.anjuke.com/community/view/973094,,已爬取,已爬取,费县
252,https://linyi.anjuke.com/community/view/972779,,已爬取,已爬取,河东
253,https://linyi.anjuke.com/community/view/713735,,已爬取,已爬取,兰山
254,https://linyi.anjuke.com/community/view/1310586,,已爬取,已爬取,兰山
255,https://linyi.anjuke.com/community/view/972692,,已爬取,已爬取,河东
256,https://linyi.anjuke.com/community/view/928010,,已爬取,已爬取,兰陵
257,https://linyi.anjuke.com/community/view/1028359,,已爬取,已爬取,沂水
258,https://linyi.anjuke.com/community/view/677614,近地铁|近学校|大户型居多,已爬取,已爬取,罗庄
259,https://linyi.anjuke.com/community/view/678056,,已爬取,已爬取,平邑
260,https://linyi.anjuke.com/community/view/973132,近地铁|近学校|大户型居多,已爬取,已爬取,北城新区
261,https://linyi.anjuke.com/community/view/973090,,已爬取,已爬取,兰山
262,https://linyi.anjuke.com/community/view/923071,,已爬取,已爬取,北城新区
263,https://linyi.anjuke.com/community/view/677606,,已爬取,已爬取,罗庄
264,https://linyi.anjuke.com/community/view/1010268,,已爬取,已爬取,罗庄
265,https://linyi.anjuke.com/community/view/1190481,近地铁|近学校|小户型居多,已爬取,已爬取,罗庄
266,https://linyi.anjuke.com/community/view/713708,近地铁|近学校|户型丰富,已爬取,已爬取,兰山
267,https://linyi.anjuke.com/community/view/677369,,已爬取,已爬取,兰山
268,https://linyi.anjuke.com/community/view/1189605,,已爬取,已爬取,郯城
269,https://linyi.anjuke.com/community/view/676739,近地铁|近学校|户型丰富,已爬取,已爬取,兰山
270,https://linyi.anjuke.com/community/view/677637,,已爬取,已爬取,罗庄
271,https://linyi.anjuke.com/community/view/973144,近地铁|近学校|大户型居多|绿化好,已爬取,已爬取,兰山
272,https://linyi.anjuke.com/community/view/1102641,近地铁|近学校|大户型居多,已爬取,已爬取,费县
273,https://linyi.anjuke.com/community/view/677634,近地铁|近学校|户型丰富,已爬取,已爬取,罗庄
274,https://linyi.anjuke.com/community/view/972903,,已爬取,已爬取,兰山
275,https://linyi.anjuke.com/community/view/792116,近地铁|近学校|小户型居多,已爬取,已爬取,北城新区
276,https://linyi.anjuke.com/community/view/677779,,已爬取,已爬取,河东
277,https://linyi.anjuke.com/community/view/864061,,已爬取,已爬取,开发区
278,https://linyi.anjuke.com/community/view/766522,,已爬取,已爬取,兰山
279,https://linyi.anjuke.com/community/view/945206,,已爬取,已爬取,沂水
280,https://linyi.anjuke.com/community/view/678033,,已爬取,已爬取,平邑
281,https://linyi.anjuke.com/community/view/1009145,,已爬取,已爬取,兰山
282,https://linyi.anjuke.com/community/view/972665,,已爬取,已爬取,莒南
283,https://linyi.anjuke.com/community/view/1316365,,已爬取,已爬取,郯城
284,https://linyi.anjuke.com/community/view/677755,近地铁|近学校|大户型居多,已爬取,已爬取,罗庄
285,https://linyi.anjuke.com/community/view/972872,,已爬取,已爬取,开发区
286,https://linyi.anjuke.com/community/view/1127640,,已爬取,已爬取,郯城
287,https://linyi.anjuke.com/community/view/1108461,,已爬取,已爬取,平邑
288,https://linyi.anjuke.com/community/view/973019,,已爬取,已爬取,平邑
289,https://linyi.anjuke.com/community/view/972747,,已爬取,已爬取,莒南
290,https://linyi.anjuke.com/community/view/945727,,已爬取,已爬取,沂水
291,https://linyi.anjuke.com/community/view/1424470,近地铁|近学校|大户型居多,已爬取,已爬取,费县
292,https://linyi.anjuke.com/community/view/677822,,已爬取,已爬取,河东
293,https://linyi.anjuke.com/community/view/677215,,已爬取,已爬取,兰山
294,https://linyi.anjuke.com/community/view/677390,近地铁|近学校|小户型居多,已爬取,已爬取,兰山
295,https://linyi.anjuke.com/community/view/972752,,已爬取,已爬取,沂南
296,https://linyi.anjuke.com/community/view/926232,,已爬取,已爬取,开发区
297,https://linyi.anjuke.com/community/view/1002817,近地铁|近学校|大户型居多,已爬取,已爬取,兰山
298,https://linyi.anjuke.com/community/view/677932,,已爬取,已爬取,郯城
299,https://linyi.anjuke.com/community/view/677798,近地铁|近学校|户型丰富,已爬取,已爬取,河东
300,https://linyi.anjuke.com/community/view/1188338,近地铁|近学校|大户型居多|户型丰富,已爬取,已爬取,北城新区
301,https://linyi.anjuke.com/community/view/973039,,已爬取,已爬取,莒南
302,https://linyi.anjuke.com/community/view/677920,近地铁|近学校|绿化好,已爬取,已爬取,河东
303,https://linyi.anjuke.com/community/view/1019903,,已爬取,已爬取,开发区
304,https://linyi.anjuke.com/community/view/783033,近地铁|近学校|大户型居多|绿化好,已爬取,已爬取,北城新区
305,https://linyi.anjuke.com/community/view/713701,近地铁|近学校|绿化好,已爬取,已爬取,兰山
306,https://linyi.anjuke.com/community/view/677588,近地铁|近学校|小户型居多,已爬取,已爬取,兰山
307,https://linyi.anjuke.com/community/view/678202,,已爬取,已爬取,北城新区
308,https://linyi.anjuke.com/community/view/1187594,,已爬取,已爬取,平邑
309,https://linyi.anjuke.com/community/view/973055,,已爬取,已爬取,兰山
310,https://linyi.anjuke.com/community/view/676893,,已爬取,已爬取,兰山
311,https://linyi.anjuke.com/community/view/1087482,,已爬取,已爬取,费县
312,https://linyi.anjuke.com/community/view/678062,近地铁|近学校|户型丰富,已爬取,已爬取,莒南
313,https://linyi.anjuke.com/community/view/1201149,近地铁|近学校|大户型居多,已爬取,已爬取,罗庄
314,https://linyi.anjuke.com/community/view/678271,近地铁|近学校|大户型居多,已爬取,已爬取,北城新区
315,https://linyi.anjuke.com/community/view/1388628,,已爬取,已爬取,费县
316,https://linyi.anjuke.com/community/view/1074582,,已爬取,已爬取,郯城
317,https://linyi.anjuke.com/community/view/1179507,,已爬取,已爬取,莒南
318,https://linyi.anjuke.com/community/view/792842,,已爬取,已爬取,兰山
319,https://linyi.anjuke.com/community/view/1052574,,已爬取,已爬取,兰山
320,https://linyi.anjuke.com/community/view/973161,近地铁|近学校|大户型居多,已爬取,已爬取,北城新区
321,https://linyi.anjuke.com/community/view/972882,,已爬取,已爬取,平邑
322,https://linyi.anjuke.com/community/view/678157,,已爬取,已爬取,兰陵
323,https://linyi.anjuke.com/community/view/677238,,已爬取,已爬取,兰山
324,https://linyi.anjuke.com/community/view/677602,,已爬取,已爬取,罗庄
325,https://linyi.anjuke.com/community/view/677782,,已爬取,已爬取,河东
326,https://linyi.anjuke.com/community/view/1512644,,已爬取,已爬取,平邑
327,https://linyi.anjuke.com/community/view/677627,,已爬取,已爬取,罗庄
328,https://linyi.anjuke.com/community/view/676839,,已爬取,已爬取,北城新区
329,https://linyi.anjuke.com/community/view/677816,,已爬取,已爬取,河东
330,https://linyi.anjuke.com/community/view/972740,近地铁|近学校|户型丰富,已爬取,已爬取,平邑
331,https://linyi.anjuke.com/community/view/1002816,,已爬取,已爬取,兰山
332,https://linyi.anjuke.com/community/view/676985,,已爬取,已爬取,兰山
333,https://linyi.anjuke.com/community/view/1507632,近地铁|近学校|大户型居多,已爬取,已爬取,费县
334,https://linyi.anjuke.com/community/view/972763,近地铁|近学校|绿化好,已爬取,已爬取,平邑
335,https://linyi.anjuke.com/community/view/677552,,已爬取,已爬取,兰山
336,https://linyi.anjuke.com/community/view/766733,,已爬取,已爬取,北城新区
337,https://linyi.anjuke.com/community/view/972757,,已爬取,已爬取,兰陵
338,https://linyi.anjuke.com/community/view/1388335,,已爬取,已爬取,郯城
339,https://linyi.anjuke.com/community/view/676731,近地铁|近学校|大户型居多|户型丰富|绿化好,已爬取,已爬取,兰山
340,https://linyi.anjuke.com/community/view/787992,,已爬取,已爬取,河东
341,https://linyi.anjuke.com/community/view/1183683,近地铁|近学校|大户型居多,已爬取,已爬取,兰山
342,https://linyi.anjuke.com/community/view/1186474,,已爬取,已爬取,费县
343,https://linyi.anjuke.com/community/view/972617,,已爬取,已爬取,郯城
344,https://linyi.anjuke.com/community/view/973089,近地铁|近学校|小户型居多,已爬取,已爬取,兰山
345,https://linyi.anjuke.com/community/view/973230,,已爬取,已爬取,平邑
346,https://linyi.anjuke.com/community/view/1007303,近地铁|近学校|小户型居多,已爬取,已爬取,北城新区
347,https://linyi.anjuke.com/community/view/973125,近地铁|近学校|小户型居多,已爬取,已爬取,兰山
348,https://linyi.anjuke.com/community/view/972911,,已爬取,已爬取,开发区
349,https://linyi.anjuke.com/community/view/940391,近地铁|近学校|大户型居多,已爬取,已爬取,兰山
350,https://linyi.anjuke.com/community/view/1281661,,已爬取,已爬取,沂水
351,https://linyi.anjuke.com/community/view/973235,近地铁|近学校|大户型居多,已爬取,已爬取,开发区
352,https://linyi.anjuke.com/community/view/1022352,近地铁|近学校|小户型居多,已爬取,已爬取,北城新区
353,https://linyi.anjuke.com/community/view/944812,,已爬取,已爬取,沂水
354,https://linyi.anjuke.com/community/view/677204,,已爬取,已爬取,兰山
355,https://linyi.anjuke.com/community/view/677694,,已爬取,已爬取,罗庄
356,https://linyi.anjuke.com/community/view/1187593,,已爬取,已爬取,平邑
357,https://linyi.anjuke.com/community/view/713732,,已爬取,已爬取,北城新区
358,https://linyi.anjuke.com/community/view/1854246,近地铁|近学校|大户型居多|次新小区,已爬取,已爬取,河东
359,https://linyi.anjuke.com/community/view/1473465,近地铁|近学校|次新小区,已爬取,已爬取,兰山
360,https://linyi.anjuke.com/community/view/677370,,已爬取,已爬取,兰山
361,https://linyi.anjuke.com/community/view/676630,近地铁|近学校|大户型居多,已爬取,已爬取,兰山
362,https://linyi.anjuke.com/community/view/677072,,已爬取,已爬取,兰山
363,https://linyi.anjuke.com/community/view/943321,,已爬取,已爬取,河东
364,https://linyi.anjuke.com/community/view/945146,近地铁|近学校|户型丰富,已爬取,已爬取,河东
365,https://linyi.anjuke.com/community/view/1008632,,已爬取,已爬取,莒南
366,https://linyi.anjuke.com/community/view/678272,,已爬取,已爬取,北城新区
367,https://linyi.anjuke.com/community/view/972901,,已爬取,已爬取,开发区
368,https://linyi.anjuke.com/community/view/1665253,近地铁|近学校|大户型居多|户型丰富,已爬取,已爬取,河东
369,https://linyi.anjuke.com/community/view/677604,,已爬取,已爬取,罗庄
370,https://linyi.anjuke.com/community/view/993478,,已爬取,已爬取,平邑
371,https://linyi.anjuke.com/community/view/676994,,已爬取,已爬取,兰山
372,https://linyi.anjuke.com/community/view/945875,近地铁|近学校|大户型居多|次新小区,已爬取,已爬取,开发区
373,https://linyi.anjuke.com/community/view/1566293,近地铁|近学校|次新小区,已爬取,已爬取,北城新区
374,https://linyi.anjuke.com/community/view/1259484,,已爬取,已爬取,罗庄
375,https://linyi.anjuke.com/community/view/1501445,近地铁|近学校|次新小区,已爬取,已爬取,罗庄
376,https://linyi.anjuke.com/community/view/1042464,,已爬取,已爬取,沂水
377,https://linyi.anjuke.com/community/view/678193,,已爬取,已爬取,兰陵
378,https://linyi.anjuke.com/community/view/678161,,已爬取,已爬取,兰陵
379,https://linyi.anjuke.com/community/view/677986,近地铁|近学校|大户型居多,已爬取,已爬取,临沭
380,https://linyi.anjuke.com/community/view/677672,,已爬取,已爬取,罗庄
381,https://linyi.anjuke.com/community/view/713679,,已爬取,已爬取,兰山
382,https://linyi.anjuke.com/community/view/924678,,已爬取,已爬取,罗庄
383,https://linyi.anjuke.com/community/view/1087441,近地铁|近学校|大户型居多,已爬取,已爬取,开发区
384,https://linyi.anjuke.com/community/view/972634,,已爬取,已爬取,莒南
385,https://linyi.anjuke.com/community/view/677597,,已爬取,已爬取,罗庄
386,https://linyi.anjuke.com/community/view/972626,近地铁|近学校|大户型居多,已爬取,已爬取,费县
387,https://linyi.anjuke.com/community/view/1171691,,已爬取,已爬取,莒南
388,https://linyi.anjuke.com/community/view/972886,近地铁|近学校|大户型居多,已爬取,已爬取,河东
389,https://linyi.anjuke.com/community/view/972671,,已爬取,已爬取,罗庄
390,https://linyi.anjuke.com/community/view/972856,,已爬取,已爬取,沂水
391,https://linyi.anjuke.com/community/view/677641,,已爬取,已爬取,罗庄
392,https://linyi.anjuke.com/community/view/1186419,近地铁|近学校|大户型居多,已爬取,已爬取,兰山
393,https://linyi.anjuke.com/community/view/973086,,已爬取,已爬取,河东
394,https://linyi.anjuke.com/community/view/678209,近地铁|近学校|绿化好,已爬取,已爬取,北城新区
395,https://linyi.anjuke.com/community/view/1038557,,已爬取,已爬取,兰山
396,https://linyi.anjuke.com/community/view/938439,,已爬取,已爬取,兰山
397,https://linyi.anjuke.com/community/view/1030235,近地铁|近学校|次新小区,已爬取,已爬取,兰山
398,https://linyi.anjuke.com/community/view/1382689,近地铁|近学校|大户型居多,已爬取,已爬取,郯城
399,https://linyi.anjuke.com/community/view/915851,,已爬取,已爬取,蒙阴
400,https://linyi.anjuke.com/community/view/677535,近地铁|近学校|户型丰富|绿化好,已爬取,已爬取,兰山
401,https://linyi.anjuke.com/community/view/972720,近地铁|近学校|绿化好,已爬取,已爬取,北城新区
402,https://linyi.anjuke.com/community/view/677609,,已爬取,已爬取,罗庄
403,https://linyi.anjuke.com/community/view/972972,,已爬取,已爬取,平邑
404,https://linyi.anjuke.com/community/view/972843,,已爬取,已爬取,罗庄
405,https://linyi.anjuke.com/community/view/1047679,,已爬取,已爬取,罗庄
406,https://linyi.anjuke.com/community/view/1052165,,已爬取,已爬取,河东
407,https://linyi.anjuke.com/community/view/1087454,,已爬取,已爬取,兰陵
408,https://linyi.anjuke.com/community/view/677681,,已爬取,已爬取,罗庄
409,https://linyi.anjuke.com/community/view/972734,近地铁|近学校|小户型居多,已爬取,已爬取,沂水
410,https://linyi.anjuke.com/community/view/973219,近地铁|近学校|大户型居多|绿化好,已爬取,已爬取,兰山
411,https://linyi.anjuke.com/community/view/1233783,近地铁|近学校|小户型居多,已爬取,已爬取,兰山
412,https://linyi.anjuke.com/community/view/678063,,已爬取,已爬取,莒南
413,https://linyi.anjuke.com/community/view/1202236,近地铁|近学校|大户型居多,已爬取,已爬取,临沭
414,https://linyi.anjuke.com/community/view/677421,近地铁|近学校|大户型居多,已爬取,已爬取,兰山
415,https://linyi.anjuke.com/community/view/973040,,已爬取,已爬取,兰陵
416,https://linyi.anjuke.com/community/view/997935,近地铁|近学校|大户型居多|户型丰富,已爬取,已爬取,罗庄
417,https://linyi.anjuke.com/community/view/713813,,已爬取,已爬取,兰山
418,https://linyi.anjuke.com/community/view/676702,,已爬取,已爬取,兰山
419,https://linyi.anjuke.com/community/view/1371570,近地铁|近学校|次新小区,已爬取,已爬取,罗庄
420,https://linyi.anjuke.com/community/view/1187595,,已爬取,已爬取,平邑
421,https://linyi.anjuke.com/community/view/1512646,,已爬取,已爬取,平邑
422,https://linyi.anjuke.com/community/view/945165,,已爬取,已爬取,沂水
423,https://linyi.anjuke.com/community/view/677157,近地铁|近学校|绿化好,已爬取,已爬取,兰山
424,https://linyi.anjuke.com/community/view/972793,,已爬取,已爬取,平邑
425,https://linyi.anjuke.com/community/view/677910,,已爬取,已爬取,平邑
426,https://linyi.anjuke.com/community/view/1214935,,已爬取,已爬取,北城新区
427,https://linyi.anjuke.com/community/view/677345,近地铁|近学校|小户型居多,已爬取,已爬取,兰山
428,https://linyi.anjuke.com/community/view/1180815,近地铁|近学校|大户型居多,已爬取,已爬取,兰陵
429,https://linyi.anjuke.com/community/view/1186408,近地铁|近学校|大户型居多,已爬取,已爬取,临沭
430,https://linyi.anjuke.com/community/view/1625065,近地铁|近学校|次新小区,已爬取,已爬取,平邑
431,https://linyi.anjuke.com/community/view/1033014,,已爬取,已爬取,北城新区
432,https://linyi.anjuke.com/community/view/766115,,已爬取,已爬取,兰山
433,https://linyi.anjuke.com/community/view/973243,,已爬取,已爬取,罗庄
434,https://linyi.anjuke.com/community/view/767135,,已爬取,已爬取,开发区
435,https://linyi.anjuke.com/community/view/972748,,已爬取,已爬取,临沭
436,https://linyi.anjuke.com/community/view/677706,,已爬取,已爬取,罗庄
437,https://linyi.anjuke.com/community/view/677995,,已爬取,已爬取,临沭
438,https://linyi.anjuke.com/community/view/972604,,已爬取,已爬取,沂水
439,https://linyi.anjuke.com/community/view/713690,,已爬取,已爬取,兰山
440,https://linyi.anjuke.com/community/view/677840,,已爬取,已爬取,开发区
441,https://linyi.anjuke.com/community/view/945164,,已爬取,已爬取,沂水
442,https://linyi.anjuke.com/community/view/678030,,已爬取,已爬取,平邑
443,https://linyi.anjuke.com/community/view/1235215,,已爬取,已爬取,罗庄
444,https://linyi.anjuke.com/community/view/972737,近地铁|近学校|大户型居多,已爬取,已爬取,临沭
445,https://linyi.anjuke.com/community/view/1244288,,已爬取,已爬取,兰陵
446,https://linyi.anjuke.com/community/view/713747,,已爬取,已爬取,兰山
447,https://linyi.anjuke.com/community/view/972684,近地铁|近学校|大户型居多,已爬取,已爬取,费县
448,https://linyi.anjuke.com/community/view/1440367,近地铁|近学校|大户型居多,已爬取,已爬取,沂南
449,https://linyi.anjuke.com/community/view/972786,近地铁|近学校|小户型居多,已爬取,已爬取,沂水
450,https://linyi.anjuke.com/community/view/972673,,已爬取,已爬取,平邑
451,https://linyi.anjuke.com/community/view/1370377,,已爬取,已爬取,沂水
452,https://linyi.anjuke.com/community/view/1008635,,已爬取,已爬取,沂水
453,https://linyi.anjuke.com/community/view/972695,,已爬取,已爬取,郯城
454,https://linyi.anjuke.com/community/view/1067126,近地铁|近学校|次新小区,已爬取,已爬取,开发区
455,https://linyi.anjuke.com/community/view/1016431,,已爬取,已爬取,兰陵
456,https://linyi.anjuke.com/community/view/972923,近地铁|近学校|大户型居多|绿化好,已爬取,已爬取,兰山
457,https://linyi.anjuke.com/community/view/1088124,近地铁|近学校|次新小区,已爬取,已爬取,罗庄
458,https://linyi.anjuke.com/community/view/1088123,,已爬取,已爬取,临沭
459,https://linyi.anjuke.com/community/view/1195633,近地铁|近学校|次新小区,已爬取,已爬取,河东
460,https://linyi.anjuke.com/community/view/1498808,近地铁|近学校|次新小区,已爬取,已爬取,河东
461,https://linyi.anjuke.com/community/view/972770,,已爬取,已爬取,莒南
462,https://linyi.anjuke.com/community/view/1043745,近地铁|近学校|绿化好,已爬取,已爬取,罗庄
463,https://linyi.anjuke.com/community/view/928011,,已爬取,已爬取,沂水
464,https://linyi.anjuke.com/community/view/676874,近地铁|近学校|大户型居多|绿化好,已爬取,已爬取,北城新区
465,https://linyi.anjuke.com/community/view/1147503,,已爬取,已爬取,平邑
466,https://linyi.anjuke.com/community/view/972610,近地铁|近学校|户型丰富,已爬取,已爬取,北城新区
467,https://linyi.anjuke.com/community/view/1543010,,已爬取,已爬取,郯城
468,https://linyi.anjuke.com/community/view/1186476,,已爬取,已爬取,费县
469,https://linyi.anjuke.com/community/view/872660,,已爬取,已爬取,开发区
470,https://linyi.anjuke.com/community/view/1014919,,已爬取,已爬取,兰山
471,https://linyi.anjuke.com/community/view/677793,近地铁|近学校|户型丰富,已爬取,已爬取,河东
472,https://linyi.anjuke.com/community/view/940478,近地铁|近学校|大户型居多|户型丰富,已爬取,已爬取,兰山
473,https://linyi.anjuke.com/community/view/1005125,近地铁|近学校|小户型居多|绿化好,已爬取,已爬取,北城新区
474,https://linyi.anjuke.com/community/view/1082956,,已爬取,已爬取,郯城
475,https://linyi.anjuke.com/community/view/677695,,已爬取,已爬取,罗庄
476,https://linyi.anjuke.com/community/view/973187,近地铁|近学校|大户型居多|户型丰富,已爬取,已爬取,沂水
477,https://linyi.anjuke.com/community/view/972939,,已爬取,已爬取,河东
478,https://linyi.anjuke.com/community/view/677056,,已爬取,已爬取,兰山
479,https://linyi.anjuke.com/community/view/973088,,已爬取,已爬取,沂水
480,https://linyi.anjuke.com/community/view/1063834,近地铁|近学校|户型丰富,已爬取,已爬取,兰山
481,https://linyi.anjuke.com/community/view/973109,,已爬取,已爬取,蒙阴
482,https://linyi.anjuke.com/community/view/923070,,已爬取,已爬取,河东
483,https://linyi.anjuke.com/community/view/1012121,,已爬取,已爬取,兰山
484,https://linyi.anjuke.com/community/view/972631,,已爬取,已爬取,费县
485,https://linyi.anjuke.com/community/view/676794,,已爬取,已爬取,兰山
486,https://linyi.anjuke.com/community/view/973037,近地铁|近学校|大户型居多,已爬取,已爬取,北城新区
487,https://linyi.anjuke.com/community/view/676742,近地铁|近学校|小户型居多,已爬取,已爬取,兰山
488,https://linyi.anjuke.com/community/view/676873,近地铁|近学校|绿化好,已爬取,已爬取,兰山
489,https://linyi.anjuke.com/community/view/1186461,,已爬取,已爬取,兰陵
490,https://linyi.anjuke.com/community/view/972599,近地铁|近学校|小户型居多,已爬取,已爬取,郯城
491,https://linyi.anjuke.com/community/view/1052507,,已爬取,已爬取,罗庄
492,https://linyi.anjuke.com/community/view/1008633,,已爬取,已爬取,莒南
493,https://linyi.anjuke.com/community/view/1371575,,已爬取,已爬取,费县
494,https://linyi.anjuke.com/community/view/972961,,已爬取,已爬取,北城新区
495,https://linyi.anjuke.com/community/view/1664003,近地铁|近学校|户型丰富|次新小区,已爬取,已爬取,兰山
496,https://linyi.anjuke.com/community/view/713721,近地铁|近学校|小户型居多,已爬取,已爬取,兰山
497,https://linyi.anjuke.com/community/view/1087486,近地铁|近学校|大户型居多,已爬取,已爬取,兰陵
498,https://linyi.anjuke.com/community/view/973254,,已爬取,已爬取,平邑
499,https://linyi.anjuke.com/community/view/1052973,,已爬取,已爬取,郯城
500,https://linyi.anjuke.com/community/view/1066942,近地铁|近学校|小户型居多,已爬取,已爬取,开发区
501,https://linyi.anjuke.com/community/view/678066,,已爬取,已爬取,莒南
502,https://linyi.anjuke.com/community/view/677250,近地铁|近学校|户型丰富,已爬取,已爬取,兰山
503,https://linyi.anjuke.com/community/view/677834,近地铁|近学校|大户型居多,已爬取,已爬取,河东
504,https://linyi.anjuke.com/community/view/1027242,近地铁|近学校|大户型居多,已爬取,已爬取,北城新区
505,https://linyi.anjuke.com/community/view/928008,,已爬取,已爬取,兰山
506,https://linyi.anjuke.com/community/view/1179509,,已爬取,已爬取,北城新区
507,https://linyi.anjuke.com/community/view/677046,近地铁|近学校|大户型居多,已爬取,已爬取,罗庄
508,https://linyi.anjuke.com/community/view/1470216,,已爬取,已爬取,平邑
509,https://linyi.anjuke.com/community/view/677981,,已爬取,已爬取,临沭
510,https://linyi.anjuke.com/community/view/1073552,近地铁|近学校|大户型居多,已爬取,已爬取,兰山
511,https://linyi.anjuke.com/community/view/677525,,已爬取,已爬取,兰山
512,https://linyi.anjuke.com/community/view/997764,近地铁|近学校|小户型居多,已爬取,已爬取,兰山
513,https://linyi.anjuke.com/community/view/677764,,已爬取,已爬取,罗庄
514,https://linyi.anjuke.com/community/view/1177721,,已爬取,已爬取,沂水
515,https://linyi.anjuke.com/community/view/938790,近地铁|近学校|大户型居多,已爬取,已爬取,兰山
516,https://linyi.anjuke.com/community/view/943526,近地铁|近学校|绿化好,已爬取,已爬取,兰山
517,https://linyi.anjuke.com/community/view/1010262,,已爬取,已爬取,兰陵
518,https://linyi.anjuke.com/community/view/1275627,近地铁|近学校|大户型居多|次新小区,已爬取,已爬取,北城新区
519,https://linyi.anjuke.com/community/view/713885,近地铁|近学校|大户型居多|别墅|绿化好,已爬取,已爬取,兰山
520,https://linyi.anjuke.com/community/view/973177,,已爬取,已爬取,北城新区
521,https://linyi.anjuke.com/community/view/972681,,已爬取,已爬取,罗庄
522,https://linyi.anjuke.com/community/view/1183682,,已爬取,已爬取,罗庄
523,https://linyi.anjuke.com/community/view/1217088,近地铁|近学校|大户型居多|户型丰富,已爬取,已爬取,北城新区
524,https://linyi.anjuke.com/community/view/1486371,近地铁|近学校|次新小区,已爬取,已爬取,兰山
525,https://linyi.anjuke.com/community/view/973131,,已爬取,已爬取,兰山
526,https://linyi.anjuke.com/community/view/1384908,近地铁|近学校|次新小区,已爬取,已爬取,兰山
527,https://linyi.anjuke.com/community/view/972947,近地铁|近学校|小户型居多,已爬取,已爬取,费县
528,https://linyi.anjuke.com/community/view/676993,,已爬取,已爬取,兰山
529,https://linyi.anjuke.com/community/view/972624,,已爬取,已爬取,费县
530,https://linyi.anjuke.com/community/view/1388609,近地铁|近学校|小户型居多|次新小区,已爬取,已爬取,罗庄
531,https://linyi.anjuke.com/community/view/993477,,已爬取,已爬取,平邑
532,https://linyi.anjuke.com/community/view/945213,,已爬取,已爬取,沂水
533,https://linyi.anjuke.com/community/view/677556,近地铁|近学校|大户型居多,已爬取,已爬取,兰山
534,https://linyi.anjuke.com/community/view/1050889,,已爬取,已爬取,平邑
535,https://linyi.anjuke.com/community/view/1233781,近地铁|近学校|大户型居多,已爬取,已爬取,临沭
536,https://linyi.anjuke.com/community/view/973237,近地铁|近学校|大户型居多,已爬取,已爬取,费县
537,https://linyi.anjuke.com/community/view/1102639,,已爬取,已爬取,费县
538,https://linyi.anjuke.com/community/view/1187039,近地铁|近学校|大户型居多,已爬取,已爬取,罗庄
539,https://linyi.anjuke.com/community/view/1082957,,已爬取,已爬取,莒南
540,https://linyi.anjuke.com/community/view/677546,,已爬取,已爬取,兰山
541,https://linyi.anjuke.com/community/view/1019750,近地铁|近学校|小户型居多,已爬取,已爬取,北城新区
542,https://linyi.anjuke.com/community/view/677796,近地铁|近学校|小户型居多,已爬取,已爬取,河东
543,https://linyi.anjuke.com/community/view/972802,,已爬取,已爬取,费县
544,https://linyi.anjuke.com/community/view/972809,,已爬取,已爬取,费县
545,https://linyi.anjuke.com/community/view/713718,,已爬取,已爬取,兰山
546,https://linyi.anjuke.com/community/view/713710,,已爬取,已爬取,兰山
547,https://linyi.anjuke.com/community/view/972661,近地铁|近学校|绿化好,已爬取,已爬取,北城新区
548,https://linyi.anjuke.com/community/view/973268,,已爬取,已爬取,平邑
549,https://linyi.anjuke.com/community/view/945158,近地铁|近学校|小户型居多,已爬取,已爬取,沂水
550,https://linyi.anjuke.com/community/view/767015,近地铁|近学校|大户型居多,已爬取,已爬取,兰山
551,https://linyi.anjuke.com/community/view/1049385,近地铁|近学校|大户型居多|户型丰富|绿化好,已爬取,已爬取,河东
552,https://linyi.anjuke.com/community/view/1384911,,已爬取,已爬取,罗庄
553,https://linyi.anjuke.com/community/view/1589205,,已爬取,已爬取,罗庄
554,https://linyi.anjuke.com/community/view/678059,,已爬取,已爬取,平邑
555,https://linyi.anjuke.com/community/view/678196,,已爬取,已爬取,兰陵
556,https://linyi.anjuke.com/community/view/1075586,,已爬取,已爬取,罗庄
557,https://linyi.anjuke.com/community/view/676706,,已爬取,已爬取,兰山
558,https://linyi.anjuke.com/community/view/1432984,,已爬取,已爬取,临沭
559,https://linyi.anjuke.com/community/view/676749,,已爬取,已爬取,兰山
560,https://linyi.anjuke.com/community/view/1187551,,已爬取,已爬取,沂水
561,https://linyi.anjuke.com/community/view/1233782,近地铁|近学校|大户型居多,已爬取,已爬取,兰陵
562,https://linyi.anjuke.com/community/view/972769,,已爬取,已爬取,临沭
563,https://linyi.anjuke.com/community/view/677785,,已爬取,已爬取,河东
564,https://linyi.anjuke.com/community/view/973270,,已爬取,已爬取,兰山
565,https://linyi.anjuke.com/community/view/677635,,已爬取,已爬取,罗庄
566,https://linyi.anjuke.com/community/view/940357,近地铁|近学校|小户型居多,已爬取,已爬取,兰山
567,https://linyi.anjuke.com/community/view/1410671,近地铁|近学校|大户型居多|次新小区,已爬取,已爬取,罗庄
568,https://linyi.anjuke.com/community/view/1190505,,已爬取,已爬取,兰山
569,https://linyi.anjuke.com/community/view/940905,,已爬取,已爬取,莒南
570,https://linyi.anjuke.com/community/view/1002819,,已爬取,已爬取,河东
571,https://linyi.anjuke.com/community/view/1131057,近地铁|近学校|大户型居多|户型丰富,已爬取,已爬取,开发区
572,https://linyi.anjuke.com/community/view/1179514,,已爬取,已爬取,兰山
573,https://linyi.anjuke.com/community/view/945720,近地铁|近学校|小户型居多,已爬取,已爬取,沂水
574,https://linyi.anjuke.com/community/view/1147500,,已爬取,已爬取,兰山
575,https://linyi.anjuke.com/community/view/677064,近地铁|近学校|大户型居多,已爬取,已爬取,开发区
576,https://linyi.anjuke.com/community/view/972785,,已爬取,已爬取,沂水
577,https://linyi.anjuke.com/community/view/1042472,近地铁|近学校|大户型居多,已爬取,已爬取,莒南
578,https://linyi.anjuke.com/community/view/677006,近地铁|近学校|小户型居多,已爬取,已爬取,兰山
579,https://linyi.anjuke.com/community/view/973133,近地铁|近学校|大户型居多,已爬取,已爬取,河东
580,https://linyi.anjuke.com/community/view/1043414,,已爬取,已爬取,兰山
581,https://linyi.anjuke.com/community/view/1059633,,已爬取,已爬取,兰山
582,https://linyi.anjuke.com/community/view/972750,近地铁|近学校|大户型居多|户型丰富,已爬取,已爬取,临沭
583,https://linyi.anjuke.com/community/view/677559,,已爬取,已爬取,兰山
584,https://linyi.anjuke.com/community/view/1527674,近地铁|近学校|次新小区,已爬取,已爬取,罗庄
585,https://linyi.anjuke.com/community/view/1195820,近地铁|近学校|大户型居多,已爬取,已爬取,兰陵
586,https://linyi.anjuke.com/community/view/972628,近地铁|近学校|大户型居多,已爬取,已爬取,费县
587,https://linyi.anjuke.com/community/view/1014918,近地铁|近学校|大户型居多|绿化好,已爬取,已爬取,北城新区
588,https://linyi.anjuke.com/community/view/1186475,,已爬取,已爬取,费县
589,https://linyi.anjuke.com/community/view/1265102,近地铁|近学校|户型丰富,已爬取,已爬取,罗庄
590,https://linyi.anjuke.com/community/view/1235216,近地铁|近学校|大户型居多,已爬取,已爬取,平邑
591,https://linyi.anjuke.com/community/view/923074,近地铁|近学校|小户型居多,已爬取,已爬取,兰山
592,https://linyi.anjuke.com/community/view/972831,,已爬取,已爬取,临沭
593,https://linyi.anjuke.com/community/view/677565,,已爬取,已爬取,兰山
594,https://linyi.anjuke.com/community/view/678343,,已爬取,已爬取,北城新区
595,https://linyi.anjuke.com/community/view/1386545,,已爬取,已爬取,临沭
596,https://linyi.anjuke.com/community/view/972612,,已爬取,已爬取,费县
597,https://linyi.anjuke.com/community/view/1010844,,已爬取,已爬取,开发区
598,https://linyi.anjuke.com/community/view/972662,,已爬取,已爬取,兰山
599,https://linyi.anjuke.com/community/view/1178661,,已爬取,已爬取,费县
600,https://linyi.anjuke.com/community/view/1673509,,已爬取,已爬取,罗庄
601,https://linyi.anjuke.com/community/view/973002,,已爬取,已爬取,费县
602,https://linyi.anjuke.com/community/view/1087458,,已爬取,已爬取,兰陵
603,https://linyi.anjuke.com/community/view/1082971,,已爬取,已爬取,河东
604,https://linyi.anjuke.com/community/view/677965,,已爬取,已爬取,郯城
605,https://linyi.anjuke.com/community/view/972838,近地铁|近学校|大户型居多,已爬取,已爬取,兰山
606,https://linyi.anjuke.com/community/view/972739,,已爬取,已爬取,郯城
607,https://linyi.anjuke.com/community/view/1030902,,已爬取,已爬取,罗庄
608,https://linyi.anjuke.com/community/view/678164,,已爬取,已爬取,兰陵
609,https://linyi.anjuke.com/community/view/678230,近地铁|近学校|大户型居多|户型丰富|别墅|绿化好,已爬取,已爬取,北城新区
610,https://linyi.anjuke.com/community/view/972845,,已爬取,已爬取,罗庄
611,https://linyi.anjuke.com/community/view/677007,近地铁|近学校|绿化好,已爬取,已爬取,兰山
612,https://linyi.anjuke.com/community/view/973176,,已爬取,已爬取,兰山
613,https://linyi.anjuke.com/community/view/1005127,近地铁|近学校|大户型居多,已爬取,已爬取,兰山
614,https://linyi.anjuke.com/community/view/1187584,,已爬取,已爬取,平邑
615,https://linyi.anjuke.com/community/view/1220705,,已爬取,已爬取,费县
616,https://linyi.anjuke.com/community/view/945728,近地铁|近学校|小户型居多,已爬取,已爬取,沂水
617,https://linyi.anjuke.com/community/view/677938,,已爬取,已爬取,郯城
618,https://linyi.anjuke.com/community/view/678169,,已爬取,已爬取,兰陵
619,https://linyi.anjuke.com/community/view/1073554,近地铁|近学校|大户型居多,已爬取,已爬取,北城新区
620,https://linyi.anjuke.com/community/view/678231,近地铁|近学校|大户型居多,已爬取,已爬取,北城新区
621,https://linyi.anjuke.com/community/view/677975,,已爬取,已爬取,临沭
622,https://linyi.anjuke.com/community/view/863140,近地铁|近学校|户型丰富,已爬取,已爬取,兰山
623,https://linyi.anjuke.com/community/view/1441014,近地铁|近学校|大户型居多|户型丰富|次新小区,已爬取,已爬取,开发区
624,https://linyi.anjuke.com/community/view/1186410,,已爬取,已爬取,临沭
625,https://linyi.anjuke.com/community/view/1664010,近地铁|近学校|次新小区,已爬取,已爬取,兰山
626,https://linyi.anjuke.com/community/view/677996,,已爬取,已爬取,临沭
627,https://linyi.anjuke.com/community/view/1471075,,已爬取,已爬取,罗庄
628,https://linyi.anjuke.com/community/view/973232,,已爬取,已爬取,费县
629,https://linyi.anjuke.com/community/view/1410673,近地铁|近学校|次新小区,已爬取,已爬取,罗庄
630,https://linyi.anjuke.com/community/view/677721,,已爬取,已爬取,罗庄
631,https://linyi.anjuke.com/community/view/676645,,已爬取,已爬取,兰山
632,https://linyi.anjuke.com/community/view/1263238,近地铁|近学校|绿化好,已爬取,已爬取,河东
633,https://linyi.anjuke.com/community/view/678026,,已爬取,已爬取,平邑
634,https://linyi.anjuke.com/community/view/714000,,已爬取,已爬取,兰山
635,https://linyi.anjuke.com/community/view/1514577,,已爬取,已爬取,开发区
636,https://linyi.anjuke.com/community/view/972885,,已爬取,已爬取,沂水
637,https://linyi.anjuke.com/community/view/677213,近地铁|近学校|大户型居多,已爬取,已爬取,兰山
638,https://linyi.anjuke.com/community/view/1190502,,已爬取,已爬取,罗庄
639,https://linyi.anjuke.com/community/view/972994,,已爬取,已爬取,沂南
640,https://linyi.anjuke.com/community/view/972936,,已爬取,已爬取,罗庄
641,https://linyi.anjuke.com/community/view/677803,近地铁|近学校|小户型居多,已爬取,已爬取,河东
642,https://linyi.anjuke.com/community/view/954742,,已爬取,已爬取,罗庄
643,https://linyi.anjuke.com/community/view/1281225,近地铁|近学校|大户型居多|户型丰富,已爬取,已爬取,开发区
644,https://linyi.anjuke.com/community/view/972630,,已爬取,已爬取,罗庄
645,https://linyi.anjuke.com/community/view/677615,,已爬取,已爬取,罗庄
646,https://linyi.anjuke.com/community/view/972960,,已爬取,已爬取,北城新区
647,https://linyi.anjuke.com/community/view/1186473,,已爬取,已爬取,莒南
648,https://linyi.anjuke.com/community/view/1186453,,已爬取,已爬取,兰山
649,https://linyi.anjuke.com/community/view/677780,,已爬取,已爬取,开发区
650,https://linyi.anjuke.com/community/view/1187587,,已爬取,已爬取,平邑
651,https://linyi.anjuke.com/community/view/945726,,已爬取,已爬取,沂水
652,https://linyi.anjuke.com/community/view/713745,近地铁|近学校|大户型居多,已爬取,已爬取,兰山
653,https://linyi.anjuke.com/community/view/973223,近地铁|近学校|小户型居多,已爬取,已爬取,罗庄
654,https://linyi.anjuke.com/community/view/1088103,近地铁|近学校|大户型居多|户型丰富,已爬取,已爬取,北城新区
655,https://linyi.anjuke.com/community/view/801999,近地铁|近学校|大户型居多|户型丰富|别墅,已爬取,已爬取,罗庄
656,https://linyi.anjuke.com/community/view/1267290,近地铁|近学校|户型丰富|次新小区,已爬取,已爬取,河东
657,https://linyi.anjuke.com/community/view/1007900,近地铁|近学校|小户型居多,已爬取,已爬取,北城新区
658,https://linyi.anjuke.com/community/view/676981,,已爬取,已爬取,兰山
659,https://linyi.anjuke.com/community/view/1590886,近地铁|近学校|大户型居多|户型丰富,已爬取,已爬取,罗庄
660,https://linyi.anjuke.com/community/view/862842,近地铁|近学校|绿化好,已爬取,已爬取,兰山
661,https://linyi.anjuke.com/community/view/1176406,,已爬取,已爬取,莒南
662,https://linyi.anjuke.com/community/view/677994,,已爬取,已爬取,临沭
663,https://linyi.anjuke.com/community/view/1388617,,已爬取,已爬取,兰山
664,https://linyi.anjuke.com/community/view/677936,近地铁|近学校|户型丰富,已爬取,已爬取,郯城
665,https://linyi.anjuke.com/community/view/973172,近地铁|近学校|大户型居多,已爬取,已爬取,河东
666,https://linyi.anjuke.com/community/view/1198336,,已爬取,已爬取,高新区
667,https://linyi.anjuke.com/community/view/1088117,,已爬取,已爬取,兰山
668,https://linyi.anjuke.com/community/view/1303120,,已爬取,已爬取,罗庄
669,https://linyi.anjuke.com/community/view/678158,,已爬取,已爬取,兰陵
670,https://linyi.anjuke.com/community/view/790445,,已爬取,已爬取,罗庄
671,https://linyi.anjuke.com/community/view/677678,,已爬取,已爬取,罗庄
672,https://linyi.anjuke.com/community/view/678173,近地铁|近学校|大户型居多,已爬取,已爬取,兰陵
673,https://linyi.anjuke.com/community/view/1183678,,已爬取,已爬取,罗庄
674,https://linyi.anjuke.com/community/view/677783,,已爬取,已爬取,河东
675,https://linyi.anjuke.com/community/view/676743,,已爬取,已爬取,兰山
676,https://linyi.anjuke.com/community/view/972646,,已爬取,已爬取,费县
677,https://linyi.anjuke.com/community/view/677610,,已爬取,已爬取,罗庄
678,https://linyi.anjuke.com/community/view/1316363,,已爬取,已爬取,平邑
679,https://linyi.anjuke.com/community/view/972810,,已爬取,已爬取,郯城
680,https://linyi.anjuke.com/community/view/678124,,已爬取,已爬取,莒南
681,https://linyi.anjuke.com/community/view/1187600,近地铁|近学校|大户型居多,已爬取,已爬取,平邑
682,https://linyi.anjuke.com/community/view/1437406,近地铁|近学校|小户型居多|户型丰富,已爬取,已爬取,兰山
683,https://linyi.anjuke.com/community/view/1067582,近地铁|近学校|绿化好,已爬取,已爬取,兰山
684,https://linyi.anjuke.com/community/view/677629,,已爬取,已爬取,罗庄
685,https://linyi.anjuke.com/community/view/1087465,近地铁|近学校|小户型居多,已爬取,已爬取,兰山
686,https://linyi.anjuke.com/community/view/1410682,,已爬取,已爬取,兰山
687,https://linyi.anjuke.com/community/view/1013487,近地铁|近学校|绿化好,已爬取,已爬取,兰山
688,https://linyi.anjuke.com/community/view/1204250,,已爬取,已爬取,莒南
689,https://linyi.anjuke.com/community/view/677707,,已爬取,已爬取,罗庄
690,https://linyi.anjuke.com/community/view/713850,近地铁|近学校|绿化好,已爬取,已爬取,兰山
691,https://linyi.anjuke.com/community/view/677957,,已爬取,已爬取,郯城
692,https://linyi.anjuke.com/community/view/1019748,,已爬取,已爬取,平邑
693,https://linyi.anjuke.com/community/view/1010846,,已爬取,已爬取,兰山
694,https://linyi.anjuke.com/community/view/713677,,已爬取,已爬取,兰山
695,https://linyi.anjuke.com/community/view/713827,,已爬取,已爬取,兰山
696,https://linyi.anjuke.com/community/view/676719,,已爬取,已爬取,兰山
697,https://linyi.anjuke.com/community/view/677122,,已爬取,已爬取,兰山
698,https://linyi.anjuke.com/community/view/1159018,近地铁|近学校|绿化好,已爬取,已爬取,河东
699,https://linyi.anjuke.com/community/view/1011242,近地铁|近学校|户型丰富,已爬取,已爬取,兰山
700,https://linyi.anjuke.com/community/view/1044983,,已爬取,已爬取,兰山
701,https://linyi.anjuke.com/community/view/766734,,已爬取,已爬取,兰山
702,https://linyi.anjuke.com/community/view/972635,,已爬取,已爬取,费县
703,https://linyi.anjuke.com/community/view/678178,近地铁|近学校|大户型居多,已爬取,已爬取,兰陵
704,https://linyi.anjuke.com/community/view/972871,近地铁|近学校|大户型居多,已爬取,已爬取,兰山
705,https://linyi.anjuke.com/community/view/678001,近地铁|近学校|大户型居多,已爬取,已爬取,临沭
706,https://linyi.anjuke.com/community/view/713746,,已爬取,已爬取,兰山
707,https://linyi.anjuke.com/community/view/973240,,已爬取,已爬取,郯城
708,https://linyi.anjuke.com/community/view/972814,,已爬取,已爬取,费县
709,https://linyi.anjuke.com/community/view/973106,,已爬取,已爬取,沂南
710,https://linyi.anjuke.com/community/view/945211,,已爬取,已爬取,临沭
711,https://linyi.anjuke.com/community/view/1230528,,已爬取,已爬取,兰山
712,https://linyi.anjuke.com/community/view/1087460,近地铁|近学校|大户型居多,已爬取,已爬取,沂水
713,https://linyi.anjuke.com/community/view/1190503,,已爬取,已爬取,兰山
714,https://linyi.anjuke.com/community/view/972657,,已爬取,已爬取,沂水
715,https://linyi.anjuke.com/community/view/1102594,,已爬取,已爬取,费县
716,https://linyi.anjuke.com/community/view/1190516,,已爬取,已爬取,沂水
717,https://linyi.anjuke.com/community/view/677741,,已爬取,已爬取,罗庄
718,https://linyi.anjuke.com/community/view/945721,,已爬取,已爬取,沂水
719,https://linyi.anjuke.com/community/view/1023774,近地铁|近学校|次新小区,已爬取,已爬取,兰山
720,https://linyi.anjuke.com/community/view/1486235,近地铁|近学校|次新小区,已爬取,已爬取,河东
721,https://linyi.anjuke.com/community/view/1186442,,已爬取,已爬取,兰山
722,https://linyi.anjuke.com/community/view/1658561,,已爬取,已爬取,罗庄
723,https://linyi.anjuke.com/community/view/677817,,已爬取,已爬取,河东
724,https://linyi.anjuke.com/community/view/1069146,,已爬取,已爬取,兰山
725,https://linyi.anjuke.com/community/view/677263,,已爬取,已爬取,兰山
726,https://linyi.anjuke.com/community/view/677709,,已爬取,已爬取,罗庄
727,https://linyi.anjuke.com/community/view/864367,,已爬取,已爬取,北城新区
728,https://linyi.anjuke.com/community/view/1055338,,已爬取,已爬取,沂水
729,https://linyi.anjuke.com/community/view/1186472,,已爬取,已爬取,莒南
730,https://linyi.anjuke.com/community/view/1195817,近地铁|近学校|小户型居多,已爬取,已爬取,费县
731,https://linyi.anjuke.com/community/view/678167,,已爬取,已爬取,兰陵
732,https://linyi.anjuke.com/community/view/1016428,,已爬取,已爬取,兰山
733,https://linyi.anjuke.com/community/view/1188339,近地铁|近学校|大户型居多|别墅|绿化好,已爬取,已爬取,兰山
734,https://linyi.anjuke.com/community/view/973155,,已爬取,已爬取,罗庄
735,https://linyi.anjuke.com/community/view/1187589,,已爬取,已爬取,平邑
736,https://linyi.anjuke.com/community/view/1197979,近地铁|近学校|次新小区,已爬取,已爬取,兰山
737,https://linyi.anjuke.com/community/view/678313,,已爬取,已爬取,北城新区
738,https://linyi.anjuke.com/community/view/677937,,已爬取,已爬取,郯城
739,https://linyi.anjuke.com/community/view/973128,,已爬取,已爬取,郯城
740,https://linyi.anjuke.com/community/view/1372657,,已爬取,已爬取,北城新区
741,https://linyi.anjuke.com/community/view/973067,,已爬取,已爬取,北城新区
742,https://linyi.anjuke.com/community/view/677970,,已爬取,已爬取,费县
743,https://linyi.anjuke.com/community/view/677531,,已爬取,已爬取,费县
744,https://linyi.anjuke.com/community/view/1005755,,已爬取,已爬取,兰山
745,https://linyi.anjuke.com/community/view/1073318,,已爬取,已爬取,兰山
746,https://linyi.anjuke.com/community/view/677086,近地铁|近学校|大户型居多|别墅|绿化好,已爬取,已爬取,兰山
747,https://linyi.anjuke.com/community/view/1239939,,已爬取,已爬取,开发区
748,https://linyi.anjuke.com/community/view/972723,,已爬取,已爬取,沂水
749,https://linyi.anjuke.com/community/view/676691,近地铁|近学校|小户型居多,已爬取,已爬取,兰山
750,https://linyi.anjuke.com/community/view/677805,,已爬取,已爬取,开发区
751,https://linyi.anjuke.com/community/view/972924,近地铁|近学校|大户型居多|户型丰富|次新小区,已爬取,已爬取,兰山
752,https://linyi.anjuke.com/community/view/973225,,已爬取,已爬取,平邑
753,https://linyi.anjuke.com/community/view/1082975,,已爬取,已爬取,郯城
754,https://linyi.anjuke.com/community/view/1187040,,已爬取,已爬取,兰山
755,https://linyi.anjuke.com/community/view/714048,近地铁|近学校|小户型居多,已爬取,已爬取,兰山
756,https://linyi.anjuke.com/community/view/1410690,,已爬取,已爬取,河东
757,https://linyi.anjuke.com/community/view/1063207,,已爬取,已爬取,罗庄
758,https://linyi.anjuke.com/community/view/1062350,,已爬取,已爬取,北城新区
759,https://linyi.anjuke.com/community/view/677941,近地铁|近学校|小户型居多,已爬取,已爬取,郯城
760,https://linyi.anjuke.com/community/view/972709,,已爬取,已爬取,郯城
761,https://linyi.anjuke.com/community/view/676662,,已爬取,已爬取,兰山
762,https://linyi.anjuke.com/community/view/678344,,已爬取,已爬取,开发区
763,https://linyi.anjuke.com/community/view/972964,,已爬取,已爬取,兰陵
764,https://linyi.anjuke.com/community/view/677605,,已爬取,已爬取,罗庄
765,https://linyi.anjuke.com/community/view/677625,近地铁|近学校|户型丰富,已爬取,已爬取,罗庄
766,https://linyi.anjuke.com/community/view/1008630,近地铁|近学校|小户型居多,已爬取,已爬取,兰山
767,https://linyi.anjuke.com/community/view/678163,,已爬取,已爬取,兰陵
768,https://linyi.anjuke.com/community/view/678034,,已爬取,已爬取,平邑
769,https://linyi.anjuke.com/community/view/993481,,已爬取,已爬取,平邑
770,https://linyi.anjuke.com/community/view/1678661,,已爬取,已爬取,兰山
771,https://linyi.anjuke.com/community/view/676660,,已爬取,已爬取,兰山
772,https://linyi.anjuke.com/community/view/1181325,,已爬取,已爬取,兰山
773,https://linyi.anjuke.com/community/view/677690,,已爬取,已爬取,罗庄
774,https://linyi.anjuke.com/community/view/1158431,,已爬取,已爬取,开发区
775,https://linyi.anjuke.com/community/view/677084,近地铁|近学校|大户型居多|别墅,已爬取,已爬取,兰山
776,https://linyi.anjuke.com/community/view/973206,近地铁|近学校|小户型居多,已爬取,已爬取,沂水
777,https://linyi.anjuke.com/community/view/972977,,已爬取,已爬取,临沭
778,https://linyi.anjuke.com/community/view/1029249,近地铁|近学校|大户型居多,已爬取,已爬取,开发区
779,https://linyi.anjuke.com/community/view/973210,,已爬取,已爬取,蒙阴
780,https://linyi.anjuke.com/community/view/1393748,近地铁|近学校|大户型居多|次新小区,已爬取,已爬取,罗庄
781,https://linyi.anjuke.com/community/view/993480,,已爬取,已爬取,平邑
782,https://linyi.anjuke.com/community/view/1008634,近地铁|近学校|大户型居多|户型丰富,已爬取,已爬取,费县
783,https://linyi.anjuke.com/community/view/678042,,已爬取,已爬取,平邑
784,https://linyi.anjuke.com/community/view/940354,,已爬取,已爬取,兰山
785,https://linyi.anjuke.com/community/view/1087448,,已爬取,已爬取,兰陵
786,https://linyi.anjuke.com/community/view/676888,,已爬取,已爬取,北城新区
787,https://linyi.anjuke.com/community/view/677788,近地铁|近学校|小户型居多,已爬取,已爬取,河东
788,https://linyi.anjuke.com/community/view/1007901,近地铁|近学校|小户型居多,已爬取,已爬取,北城新区
789,https://linyi.anjuke.com/community/view/972702,,已爬取,已爬取,费县
790,https://linyi.anjuke.com/community/view/1030741,,已爬取,已爬取,费县
791,https://linyi.anjuke.com/community/view/1205347,,已爬取,已爬取,沂南
792,https://linyi.anjuke.com/community/view/677795,,已爬取,已爬取,河东
793,https://linyi.anjuke.com/community/view/677724,,已爬取,已爬取,罗庄
794,https://linyi.anjuke.com/community/view/677728,,已爬取,已爬取,罗庄
795,https://linyi.anjuke.com/community/view/1010267,,已爬取,已爬取,开发区
796,https://linyi.anjuke.com/community/view/972732,,已爬取,已爬取,费县
797,https://linyi.anjuke.com/community/view/677167,,已爬取,已爬取,兰山
798,https://linyi.anjuke.com/community/view/1087445,近地铁|近学校|大户型居多,已爬取,已爬取,北城新区
799,https://linyi.anjuke.com/community/view/1154053,近地铁|近学校|次新小区,已爬取,已爬取,北城新区
800,https://linyi.anjuke.com/community/view/677617,,已爬取,已爬取,罗庄
801,https://linyi.anjuke.com/community/view/940390,,已爬取,已爬取,兰山
802,https://linyi.anjuke.com/community/view/678199,,已爬取,已爬取,兰陵
803,https://linyi.anjuke.com/community/view/973074,,已爬取,已爬取,兰山
804,https://linyi.anjuke.com/community/view/1108599,,已爬取,已爬取,河东
805,https://linyi.anjuke.com/community/view/1187591,近地铁|近学校|大户型居多,已爬取,已爬取,平邑
806,https://linyi.anjuke.com/community/view/972766,,已爬取,已爬取,临沭
807,https://linyi.anjuke.com/community/view/677616,,已爬取,已爬取,罗庄
808,https://linyi.anjuke.com/community/view/677774,近地铁|近学校|大户型居多,已爬取,已爬取,罗庄
809,https://linyi.anjuke.com/community/view/1419891,近地铁|近学校|次新小区,已爬取,已爬取,罗庄
810,https://linyi.anjuke.com/community/view/972909,,已爬取,已爬取,郯城
811,https://linyi.anjuke.com/community/view/1308134,,已爬取,已爬取,郯城
812,https://linyi.anjuke.com/community/view/973047,,已爬取,已爬取,罗庄
813,https://linyi.anjuke.com/community/view/678116,,已爬取,已爬取,莒南
814,https://linyi.anjuke.com/community/view/678172,,已爬取,已爬取,兰陵
815,https://linyi.anjuke.com/community/view/677599,,已爬取,已爬取,罗庄
816,https://linyi.anjuke.com/community/view/973238,,已爬取,已爬取,河东
817,https://linyi.anjuke.com/community/view/1512989,近地铁|近学校|次新小区,已爬取,已爬取,莒南
818,https://linyi.anjuke.com/community/view/973020,近地铁|近学校|小户型居多,已爬取,已爬取,兰山
819,https://linyi.anjuke.com/community/view/1177716,,已爬取,已爬取,罗庄
820,https://linyi.anjuke.com/community/view/677486,,已爬取,已爬取,兰山
821,https://linyi.anjuke.com/community/view/677801,近地铁|近学校|绿化好,已爬取,已爬取,河东
822,https://linyi.anjuke.com/community/view/1613453,近地铁|近学校|大户型居多|户型丰富,已爬取,已爬取,费县
823,https://linyi.anjuke.com/community/view/677841,,已爬取,已爬取,河东
824,https://linyi.anjuke.com/community/view/1010843,,已爬取,已爬取,兰陵
825,https://linyi.anjuke.com/community/view/1303117,近地铁|近学校|大户型居多,已爬取,已爬取,罗庄
826,https://linyi.anjuke.com/community/view/972780,,已爬取,已爬取,沂水
827,https://linyi.anjuke.com/community/view/973167,近地铁|近学校|大户型居多|绿化好,已爬取,已爬取,兰山
828,https://linyi.anjuke.com/community/view/678061,,已爬取,已爬取,沂水
829,https://linyi.anjuke.com/community/view/1376380,,已爬取,已爬取,沂南
830,https://linyi.anjuke.com/community/view/678210,,已爬取,已爬取,北城新区
831,https://linyi.anjuke.com/community/view/1380500,近地铁|近学校|次新小区,已爬取,已爬取,兰山
832,https://linyi.anjuke.com/community/view/1289921,,已爬取,已爬取,郯城
833,https://linyi.anjuke.com/community/view/677630,,已爬取,已爬取,罗庄
834,https://linyi.anjuke.com/community/view/1265103,近地铁|近学校|次新小区,已爬取,已爬取,开发区
835,https://linyi.anjuke.com/community/view/1433003,近地铁|近学校|大户型居多,已爬取,已爬取,莒南
836,https://linyi.anjuke.com/community/view/871695,近地铁|近学校|大户型居多,已爬取,已爬取,罗庄
837,https://linyi.anjuke.com/community/view/677842,,已爬取,已爬取,河东
838,https://linyi.anjuke.com/community/view/676891,近地铁|近学校|大户型居多,已爬取,已爬取,兰山
839,https://linyi.anjuke.com/community/view/678176,,已爬取,已爬取,沂水
840,https://linyi.anjuke.com/community/view/677389,,已爬取,已爬取,兰山
841,https://linyi.anjuke.com/community/view/1139266,,已爬取,已爬取,罗庄
842,https://linyi.anjuke.com/community/view/1386532,近地铁|近学校|大户型居多,已爬取,已爬取,莒南
843,https://linyi.anjuke.com/community/view/1510560,近地铁|近学校|次新小区,已爬取,已爬取,莒南
844,https://linyi.anjuke.com/community/view/1606048,近地铁|近学校|大户型居多|户型丰富|别墅,已爬取,已爬取,河东
845,https://linyi.anjuke.com/community/view/677826,,已爬取,已爬取,开发区
846,https://linyi.anjuke.com/community/view/973256,近地铁|近学校|小户型居多,已爬取,已爬取,开发区
847,https://linyi.anjuke.com/community/view/676836,,已爬取,已爬取,罗庄
848,https://linyi.anjuke.com/community/view/972997,近地铁|近学校|小户型居多,已爬取,已爬取,罗庄
849,https://linyi.anjuke.com/community/view/1048407,,已爬取,已爬取,北城新区
850,https://linyi.anjuke.com/community/view/1077760,近地铁|近学校|大户型居多|户型丰富,已爬取,已爬取,河东
851,https://linyi.anjuke.com/community/view/1446314,,已爬取,已爬取,沂南
852,https://linyi.anjuke.com/community/view/713797,,已爬取,已爬取,兰山
853,https://linyi.anjuke.com/community/view/973059,,已爬取,已爬取,兰山
854,https://linyi.anjuke.com/community/view/678225,,已爬取,已爬取,北城新区
855,https://linyi.anjuke.com/community/view/677858,,已爬取,已爬取,河东
856,https://linyi.anjuke.com/community/view/1081718,,已爬取,已爬取,平邑
857,https://linyi.anjuke.com/community/view/677838,,已爬取,已爬取,河东
858,https://linyi.anjuke.com/community/view/973269,近地铁|近学校|大户型居多,已爬取,已爬取,兰山
859,https://linyi.anjuke.com/community/view/973284,,已爬取,已爬取,沂水
860,https://linyi.anjuke.com/community/view/995826,,已爬取,已爬取,兰山
861,https://linyi.anjuke.com/community/view/1190488,,已爬取,已爬取,兰山
862,https://linyi.anjuke.com/community/view/937902,近地铁|近学校|大户型居多,已爬取,已爬取,罗庄
863,https://linyi.anjuke.com/community/view/677646,,已爬取,已爬取,罗庄
864,https://linyi.anjuke.com/community/view/676717,近地铁|近学校|大户型居多,已爬取,已爬取,临沭
865,https://linyi.anjuke.com/community/view/973244,,已爬取,已爬取,兰山
866,https://linyi.anjuke.com/community/view/1599029,近地铁|近学校|大户型居多|别墅,已爬取,已爬取,费县
867,https://linyi.anjuke.com/community/view/677607,,已爬取,已爬取,罗庄
868,https://linyi.anjuke.com/community/view/1007305,,已爬取,已爬取,兰陵
869,https://linyi.anjuke.com/community/view/1055573,,已爬取,已爬取,沂水
870,https://linyi.anjuke.com/community/view/972868,,已爬取,已爬取,罗庄
871,https://linyi.anjuke.com/community/view/973208,近地铁|近学校|大户型居多|户型丰富|别墅|绿化好,已爬取,已爬取,开发区
872,https://linyi.anjuke.com/community/view/1046633,近地铁|近学校|小户型居多,已爬取,已爬取,兰山
873,https://linyi.anjuke.com/community/view/1186417,,已爬取,已爬取,兰山
874,https://linyi.anjuke.com/community/view/1256982,近地铁|近学校|次新小区|绿化好,已爬取,已爬取,莒南
875,https://linyi.anjuke.com/community/view/678156,,已爬取,已爬取,兰陵
876,https://linyi.anjuke.com/community/view/972735,,已爬取,已爬取,罗庄
877,https://linyi.anjuke.com/community/view/677649,,已爬取,已爬取,罗庄
878,https://linyi.anjuke.com/community/view/973152,,已爬取,已爬取,兰陵
879,https://linyi.anjuke.com/community/view/938432,,已爬取,已爬取,罗庄
880,https://linyi.anjuke.com/community/view/972935,近地铁|近学校|大户型居多|别墅|绿化好,已爬取,已爬取,罗庄
881,https://linyi.anjuke.com/community/view/972998,,已爬取,已爬取,郯城
882,https://linyi.anjuke.com/community/view/676844,,已爬取,已爬取,兰山
883,https://linyi.anjuke.com/community/view/1187601,近地铁|近学校|大户型居多,已爬取,已爬取,平邑
884,https://linyi.anjuke.com/community/view/972830,近地铁|近学校|大户型居多|户型丰富|别墅|绿化好,已爬取,已爬取,北城新区
885,https://linyi.anjuke.com/community/view/972877,,已爬取,已爬取,郯城
886,https://linyi.anjuke.com/community/view/678185,,已爬取,已爬取,兰陵
887,https://linyi.anjuke.com/community/view/1127034,,已爬取,已爬取,兰山
888,https://linyi.anjuke.com/community/view/972963,,已爬取,已爬取,罗庄
889,https://linyi.anjuke.com/community/view/1052585,,已爬取,已爬取,罗庄
890,https://linyi.anjuke.com/community/view/1054478,近地铁|近学校|户型丰富|绿化好,已爬取,已爬取,开发区
891,https://linyi.anjuke.com/community/view/1483586,近地铁|近学校|大户型居多,已爬取,已爬取,莒南
892,https://linyi.anjuke.com/community/view/1614640,近地铁|近学校|大户型居多,已爬取,已爬取,平邑
893,https://linyi.anjuke.com/community/view/677036,近地铁|近学校|大户型居多,已爬取,已爬取,兰山
894,https://linyi.anjuke.com/community/view/1046907,,已爬取,已爬取,费县
895,https://linyi.anjuke.com/community/view/1203708,,已爬取,已爬取,沂水
896,https://linyi.anjuke.com/community/view/973242,,已爬取,已爬取,兰山
897,https://linyi.anjuke.com/community/view/973228,近地铁|近学校|大户型居多,已爬取,已爬取,平邑
898,https://linyi.anjuke.com/community/view/1156542,近地铁|近学校|大户型居多,已爬取,已爬取,费县
899,https://linyi.anjuke.com/community/view/1593465,近地铁|近学校|大户型居多,已爬取,已爬取,河东
900,https://linyi.anjuke.com/community/view/1660606,近地铁|近学校|次新小区,已爬取,已爬取,兰山
901,https://linyi.anjuke.com/community/view/1446810,,已爬取,已爬取,河东
902,https://linyi.anjuke.com/community/view/938789,近地铁|近学校|绿化好,已爬取,已爬取,兰山
903,https://linyi.anjuke.com/community/view/1025061,,已爬取,已爬取,河东
904,https://linyi.anjuke.com/community/view/1135229,,已爬取,已爬取,平邑
905,https://linyi.anjuke.com/community/view/972691,,已爬取,已爬取,费县
906,https://linyi.anjuke.com/community/view/677657,,已爬取,已爬取,罗庄
907,https://linyi.anjuke.com/community/view/973260,,已爬取,已爬取,开发区
908,https://linyi.anjuke.com/community/view/678347,,已爬取,已爬取,开发区
909,https://linyi.anjuke.com/community/view/713686,,已爬取,已爬取,兰山
910,https://linyi.anjuke.com/community/view/1062982,近地铁|近学校|大户型居多,已爬取,已爬取,兰山
911,https://linyi.anjuke.com/community/view/1198619,近地铁|近学校|小户型居多,已爬取,已爬取,北城新区
912,https://linyi.anjuke.com/community/view/1376776,近地铁|近学校|次新小区|绿化好,已爬取,已爬取,罗庄
913,https://linyi.anjuke.com/community/view/1198335,,已爬取,已爬取,临沭
914,https://linyi.anjuke.com/community/view/1380498,近地铁|近学校|大户型居多|次新小区,已爬取,已爬取,河东
915,https://linyi.anjuke.com/community/view/677632,,已爬取,已爬取,罗庄
916,https://linyi.anjuke.com/community/view/1667757,,已爬取,已爬取,兰山
917,https://linyi.anjuke.com/community/view/1433605,近地铁|近学校|大户型居多,已爬取,已爬取,费县
918,https://linyi.anjuke.com/community/view/677601,,已爬取,已爬取,罗庄
919,https://linyi.anjuke.com/community/view/973135,,已爬取,已爬取,兰山
920,https://linyi.anjuke.com/community/view/973076,,已爬取,已爬取,兰陵
921,https://linyi.anjuke.com/community/view/677927,,已爬取,已爬取,郯城
922,https://linyi.anjuke.com/community/view/973141,,已爬取,已爬取,兰山
923,https://linyi.anjuke.com/community/view/1088118,,已爬取,已爬取,费县
924,https://linyi.anjuke.com/community/view/1155308,,已爬取,已爬取,郯城
925,https://linyi.anjuke.com/community/view/713837,近地铁|近学校|大户型居多,已爬取,已爬取,兰山
926,https://linyi.anjuke.com/community/view/1059283,,已爬取,已爬取,河东
927,https://linyi.anjuke.com/community/view/677760,,已爬取,已爬取,罗庄
928,https://linyi.anjuke.com/community/view/1032719,,已爬取,已爬取,罗庄
929,https://linyi.anjuke.com/community/view/1203464,,已爬取,已爬取,河东
930,https://linyi.anjuke.com/community/view/1388610,近地铁|近学校|大户型居多|次新小区,已爬取,已爬取,河东
931,https://linyi.anjuke.com/community/view/973084,近地铁|近学校|小户型居多,已爬取,已爬取,平邑
932,https://linyi.anjuke.com/community/view/677071,近地铁|近学校|户型丰富,已爬取,已爬取,兰山
933,https://linyi.anjuke.com/community/view/766262,,已爬取,已爬取,兰山
934,https://linyi.anjuke.com/community/view/1386521,,已爬取,已爬取,兰山
935,https://linyi.anjuke.com/community/view/1012958,,已爬取,已爬取,北城新区
936,https://linyi.anjuke.com/community/view/1192601,近地铁|近学校|大户型居多,已爬取,已爬取,郯城
937,https://linyi.anjuke.com/community/view/1214944,,已爬取,已爬取,河东
938,https://linyi.anjuke.com/community/view/972761,近地铁|近学校|大户型居多,已爬取,已爬取,费县
939,https://linyi.anjuke.com/community/view/713737,,已爬取,已爬取,兰山
940,https://linyi.anjuke.com/community/view/973207,近地铁|近学校|大户型居多,已爬取,已爬取,罗庄
941,https://linyi.anjuke.com/community/view/677977,,已爬取,已爬取,临沭
942,https://linyi.anjuke.com/community/view/1236475,,已爬取,已爬取,罗庄
943,https://linyi.anjuke.com/community/view/1432987,近地铁|近学校|次新小区,已爬取,已爬取,临沭
944,https://linyi.anjuke.com/community/view/1199089,,已爬取,已爬取,兰山
945,https://linyi.anjuke.com/community/view/1489179,近地铁|近学校|大户型居多|次新小区,已爬取,已爬取,北城新区
946,https://linyi.anjuke.com/community/view/973283,,已爬取,已爬取,蒙阴
947,https://linyi.anjuke.com/community/view/1198609,近地铁|近学校|大户型居多|别墅|次新小区,已爬取,已爬取,罗庄
948,https://linyi.anjuke.com/community/view/1278453,近地铁|近学校|户型丰富,已爬取,已爬取,罗庄
949,https://linyi.anjuke.com/community/view/1380615,近地铁|近学校|次新小区,已爬取,已爬取,兰山
950,https://linyi.anjuke.com/community/view/1526906,近地铁|近学校|次新小区,已爬取,已爬取,罗庄
951,https://linyi.anjuke.com/community/view/1437434,近地铁|近学校|大户型居多,已爬取,已爬取,兰陵
952,https://linyi.anjuke.com/community/view/1477427,,已爬取,已爬取,平邑
953,https://linyi.anjuke.com/community/view/676718,,已爬取,已爬取,兰山
954,https://linyi.anjuke.com/community/view/677833,近地铁|近学校|小户型居多,已爬取,已爬取,河东
955,https://linyi.anjuke.com/community/view/1179519,近地铁|近学校|大户型居多,已爬取,已爬取,河东
956,https://linyi.anjuke.com/community/view/1314667,近地铁|近学校|大户型居多|次新小区|绿化好,已爬取,已爬取,开发区
957,https://linyi.anjuke.com/community/view/677228,,已爬取,已爬取,兰山
958,https://linyi.anjuke.com/community/view/677097,,已爬取,已爬取,兰山
959,https://linyi.anjuke.com/community/view/973035,,已爬取,已爬取,兰山
960,https://linyi.anjuke.com/community/view/1624497,近地铁|近学校|次新小区,已爬取,已爬取,河东
961,https://linyi.anjuke.com/community/view/677913,近地铁|近学校|小户型居多,已爬取,已爬取,开发区
962,https://linyi.anjuke.com/community/view/1276601,,已爬取,已爬取,罗庄
963,https://linyi.anjuke.com/community/view/1388623,近地铁|近学校|户型丰富,已爬取,已爬取,郯城
964,https://linyi.anjuke.com/community/view/1087497,近地铁|近学校|大户型居多,已爬取,已爬取,兰山
965,https://linyi.anjuke.com/community/view/1088120,,已爬取,已爬取,北城新区
966,https://linyi.anjuke.com/community/view/1520533,,已爬取,已爬取,开发区
967,https://linyi.anjuke.com/community/view/1132508,,已爬取,已爬取,开发区
968,https://linyi.anjuke.com/community/view/678168,,已爬取,已爬取,兰陵
969,https://linyi.anjuke.com/community/view/1088815,近地铁|近学校|大户型居多,已爬取,已爬取,平邑
970,https://linyi.anjuke.com/community/view/1088982,近地铁|近学校|大户型居多|户型丰富,已爬取,已爬取,平邑
971,https://linyi.anjuke.com/community/view/1190483,近地铁|近学校|小户型居多,已爬取,已爬取,兰山
972,https://linyi.anjuke.com/community/view/973038,近地铁|近学校|小户型居多,已爬取,已爬取,沂南
973,https://linyi.anjuke.com/community/view/1666655,,已爬取,已爬取,兰山
974,https://linyi.anjuke.com/community/view/943576,,已爬取,已爬取,罗庄
975,https://linyi.anjuke.com/community/view/677214,,已爬取,已爬取,罗庄
976,https://linyi.anjuke.com/community/view/1521317,近地铁|近学校|次新小区,已爬取,已爬取,兰山
977,https://linyi.anjuke.com/community/view/677759,,已爬取,已爬取,罗庄
978,https://linyi.anjuke.com/community/view/677909,近地铁|近学校|大户型居多|户型丰富|别墅|绿化好,已爬取,已爬取,开发区
979,https://linyi.anjuke.com/community/view/1087443,,已爬取,已爬取,罗庄
980,https://linyi.anjuke.com/community/view/1410687,,已爬取,已爬取,莒南
981,https://linyi.anjuke.com/community/view/713981,近地铁|近学校|大户型居多,已爬取,已爬取,兰山
982,https://linyi.anjuke.com/community/view/1050117,近地铁|近学校|绿化好,已爬取,已爬取,河东
983,https://linyi.anjuke.com/community/view/1087495,,已爬取,已爬取,开发区
984,https://linyi.anjuke.com/community/view/1380499,近地铁|近学校|次新小区|绿化好,已爬取,已爬取,莒南
985,https://linyi.anjuke.com/community/view/1488221,,已爬取,已爬取,罗庄
986,https://linyi.anjuke.com/community/view/972730,,已爬取,已爬取,开发区
987,https://linyi.anjuke.com/community/view/678174,,已爬取,已爬取,兰陵
988,https://linyi.anjuke.com/community/view/713941,近地铁|近学校|大户型居多,已爬取,已爬取,兰山
989,https://linyi.anjuke.com/community/view/676996,近地铁|近学校|绿化好,已爬取,已爬取,北城新区
990,https://linyi.anjuke.com/community/view/713864,近地铁|近学校|小户型居多,已爬取,已爬取,兰山
991,https://linyi.anjuke.com/community/view/676685,,已爬取,已爬取,兰山
992,https://linyi.anjuke.com/community/view/992363,,已爬取,已爬取,郯城
993,https://linyi.anjuke.com/community/view/1647258,近地铁|近学校|次新小区,已爬取,已爬取,沂水
994,https://linyi.anjuke.com/community/view/1183685,,已爬取,已爬取,河东
995,https://linyi.anjuke.com/community/view/677976,,已爬取,已爬取,临沭
996,https://linyi.anjuke.com/community/view/1087494,近地铁|近学校|大户型居多|别墅|绿化好,已爬取,已爬取,开发区
997,https://linyi.anjuke.com/community/view/1481659,近地铁|近学校|次新小区,已爬取,已爬取,北城新区
998,https://linyi.anjuke.com/community/view/677985,,已爬取,已爬取,临沭
999,https://linyi.anjuke.com/community/view/1314669,,已爬取,已爬取,平邑
1000,https://linyi.anjuke.com/community/view/972917,,已爬取,已爬取,费县
1001,https://linyi.anjuke.com/community/view/677791,,已爬取,已爬取,河东
1002,https://linyi.anjuke.com/community/view/1217086,,已爬取,已爬取,罗庄
1003,https://linyi.anjuke.com/community/view/1295651,近地铁|近学校|大户型居多,已爬取,已爬取,沂水
1004,https://linyi.anjuke.com/community/view/972616,,已爬取,已爬取,费县
1005,https://linyi.anjuke.com/community/view/1007308,,已爬取,已爬取,兰陵
1006,https://linyi.anjuke.com/community/view/1020108,,已爬取,已爬取,兰陵
1007,https://linyi.anjuke.com/community/view/1190501,,已爬取,已爬取,兰山
1008,https://linyi.anjuke.com/community/view/1269239,,已爬取,已爬取,临沭
1009,https://linyi.anjuke.com/community/view/677883,,已爬取,已爬取,河东
1010,https://linyi.anjuke.com/community/view/1180816,,已爬取,已爬取,兰山
1011,https://linyi.anjuke.com/community/view/1575987,,已爬取,已爬取,开发区
1012,https://linyi.anjuke.com/community/view/678160,,已爬取,已爬取,兰陵
1013,https://linyi.anjuke.com/community/view/1087498,近地铁|近学校|绿化好,已爬取,已爬取,北城新区
1014,https://linyi.anjuke.com/community/view/973209,,已爬取,已爬取,郯城
1015,https://linyi.anjuke.com/community/view/1025551,,已爬取,已爬取,郯城
1016,https://linyi.anjuke.com/community/view/1187042,,已爬取,已爬取,临沭
1017,https://linyi.anjuke.com/community/view/1376769,,已爬取,已爬取,罗庄
1018,https://linyi.anjuke.com/community/view/1510765,近地铁|近学校|次新小区|绿化好,已爬取,已爬取,罗庄
1019,https://linyi.anjuke.com/community/view/1410672,,已爬取,已爬取,罗庄
1020,https://linyi.anjuke.com/community/view/1431486,近地铁|近学校|次新小区,已爬取,已爬取,兰山
1021,https://linyi.anjuke.com/community/view/677090,,已爬取,已爬取,兰山
1022,https://linyi.anjuke.com/community/view/676832,,已爬取,已爬取,兰山
1023,https://linyi.anjuke.com/community/view/1135225,,已爬取,已爬取,兰山
1024,https://linyi.anjuke.com/community/view/1161325,近地铁|近学校|大户型居多,已爬取,已爬取,兰山
1025,https://linyi.anjuke.com/community/view/1399780,近地铁|近学校|次新小区,已爬取,已爬取,罗庄
1026,https://linyi.anjuke.com/community/view/973075,,已爬取,已爬取,兰山
1027,https://linyi.anjuke.com/community/view/713807,,已爬取,已爬取,兰山
1028,https://linyi.anjuke.com/community/view/1479147,,已爬取,已爬取,兰山
1029,https://linyi.anjuke.com/community/view/1474255,近地铁|近学校|大户型居多|次新小区|绿化好,已爬取,已爬取,兰山
1030,https://linyi.anjuke.com/community/view/945080,,已爬取,已爬取,兰山
1031,https://linyi.anjuke.com/community/view/677224,近地铁|近学校|小户型居多,已爬取,已爬取,罗庄
1032,https://linyi.anjuke.com/community/view/677929,,已爬取,已爬取,郯城
1033,https://linyi.anjuke.com/community/view/677652,,已爬取,已爬取,罗庄
1034,https://linyi.anjuke.com/community/view/973202,,已爬取,已爬取,莒南
1035,https://linyi.anjuke.com/community/view/1189792,近地铁|近学校|次新小区,已爬取,已爬取,罗庄
1036,https://linyi.anjuke.com/community/view/1935073,近地铁|近学校|大户型居多,已爬取,已爬取,河东
1037,https://linyi.anjuke.com/community/view/972827,近地铁|近学校|大户型居多|别墅,已爬取,已爬取,开发区
1038,https://linyi.anjuke.com/community/view/676821,近地铁|近学校|小户型居多,已爬取,已爬取,兰山
1039,https://linyi.anjuke.com/community/view/678206,近地铁|近学校|大户型居多|户型丰富|别墅|绿化好,已爬取,已爬取,北城新区
1040,https://linyi.anjuke.com/community/view/1410691,近地铁|近学校|次新小区,已爬取,已爬取,开发区
1041,https://linyi.anjuke.com/community/view/1088814,近地铁|近学校|大户型居多|户型丰富|别墅,已爬取,已爬取,河东
1042,https://linyi.anjuke.com/community/view/1087472,,已爬取,已爬取,北城新区
1043,https://linyi.anjuke.com/community/view/1087468,近地铁|近学校|小户型居多,已爬取,已爬取,北城新区
1044,https://linyi.anjuke.com/community/view/1186404,,已爬取,已爬取,沂南
1045,https://linyi.anjuke.com/community/view/972894,,已爬取,已爬取,临沭
1046,https://linyi.anjuke.com/community/view/678258,近地铁|近学校|大户型居多|别墅|绿化好,已爬取,已爬取,罗庄
1047,https://linyi.anjuke.com/community/view/677839,,已爬取,已爬取,开发区
1048,https://linyi.anjuke.com/community/view/1071826,,已爬取,已爬取,莒南
1049,https://linyi.anjuke.com/community/view/1410670,近地铁|近学校|小户型居多,已爬取,已爬取,罗庄
1050,https://linyi.anjuke.com/community/view/973193,,已爬取,已爬取,北城新区
1051,https://linyi.anjuke.com/community/view/1314668,近地铁|近学校|大户型居多|别墅,已爬取,已爬取,平邑
1052,https://linyi.anjuke.com/community/view/713736,,已爬取,已爬取,兰山
1053,https://linyi.anjuke.com/community/view/972636,,已爬取,已爬取,临沭
1054,https://linyi.anjuke.com/community/view/713859,,已爬取,已爬取,罗庄
1055,https://linyi.anjuke.com/community/view/1316364,,已爬取,已爬取,兰陵
1056,https://linyi.anjuke.com/community/view/1410685,,已爬取,已爬取,兰山
1057,https://linyi.anjuke.com/community/view/972782,,已爬取,已爬取,沂南
1058,https://linyi.anjuke.com/community/view/676995,,已爬取,已爬取,兰山
1059,https://linyi.anjuke.com/community/view/677786,,已爬取,已爬取,河东
1060,https://linyi.anjuke.com/community/view/973190,,已爬取,已爬取,平邑
1061,https://linyi.anjuke.com/community/view/1491229,近地铁|近学校|次新小区,已爬取,已爬取,开发区
1062,https://linyi.anjuke.com/community/view/972687,,已爬取,已爬取,平邑
1063,https://linyi.anjuke.com/community/view/677527,近地铁|近学校|大户型居多,已爬取,已爬取,兰山
1064,https://linyi.anjuke.com/community/view/1309979,近地铁|近学校|大户型居多|别墅|绿化好,已爬取,已爬取,河东
1065,https://linyi.anjuke.com/community/view/1382671,,已爬取,已爬取,郯城
1066,https://linyi.anjuke.com/community/view/713698,,已爬取,已爬取,兰山
1067,https://linyi.anjuke.com/community/view/995205,近地铁|近学校|大户型居多|别墅|绿化好,已爬取,已爬取,兰山
1068,https://linyi.anjuke.com/community/view/972637,,已爬取,已爬取,郯城
1069,https://linyi.anjuke.com/community/view/1161326,,已爬取,已爬取,莒南
1070,https://linyi.anjuke.com/community/view/1600388,,已爬取,已爬取,罗庄
1071,https://linyi.anjuke.com/community/view/972632,,已爬取,已爬取,临沭
1072,https://linyi.anjuke.com/community/view/972664,,已爬取,已爬取,沂水
1073,https://linyi.anjuke.com/community/view/973063,近地铁|近学校|小户型居多,已爬取,已爬取,费县
1074,https://linyi.anjuke.com/community/view/677222,,已爬取,已爬取,兰山
1075,https://linyi.anjuke.com/community/view/973252,近地铁|近学校|大户型居多|别墅|绿化好,已爬取,已爬取,开发区
1076,https://linyi.anjuke.com/community/view/992364,,已爬取,已爬取,郯城
1077,https://linyi.anjuke.com/community/view/1010263,近地铁|近学校|大户型居多,已爬取,已爬取,兰陵
1078,https://linyi.anjuke.com/community/view/1020105,,已爬取,已爬取,沂水
1079,https://linyi.anjuke.com/community/view/1053666,,已爬取,已爬取,平邑
1080,https://linyi.anjuke.com/community/view/1187045,,已爬取,已爬取,兰山
1081,https://linyi.anjuke.com/community/view/677675,,已爬取,已爬取,罗庄
1082,https://linyi.anjuke.com/community/view/678303,近地铁|近学校|大户型居多|户型丰富|别墅,已爬取,已爬取,北城新区
1083,https://linyi.anjuke.com/community/view/972834,近地铁|近学校|大户型居多|别墅|绿化好,已爬取,已爬取,兰山
1084,https://linyi.anjuke.com/community/view/1073549,,已爬取,已爬取,沂水
1085,https://linyi.anjuke.com/community/view/677582,,已爬取,已爬取,兰山
1086,https://linyi.anjuke.com/community/view/677832,,已爬取,已爬取,河东
1087,https://linyi.anjuke.com/community/view/1000617,近地铁|近学校|大户型居多|户型丰富|别墅|绿化好,已爬取,已爬取,北城新区
1088,https://linyi.anjuke.com/community/view/1505985,近地铁|近学校|大户型居多|次新小区,已爬取,已爬取,北城新区
1089,https://linyi.anjuke.com/community/view/1599435,,已爬取,已爬取,沂水
1090,https://linyi.anjuke.com/community/view/677819,,已爬取,已爬取,河东
1091,https://linyi.anjuke.com/community/view/973160,近地铁|近学校|大户型居多|户型丰富|别墅|绿化好,已爬取,已爬取,北城新区
1092,https://linyi.anjuke.com/community/view/973139,近地铁|近学校|大户型居多|户型丰富|别墅,已爬取,已爬取,北城新区
1093,https://linyi.anjuke.com/community/view/973236,近地铁|近学校|大户型居多|户型丰富|别墅|绿化好,已爬取,已爬取,北城新区
1094,https://linyi.anjuke.com/community/view/973234,近地铁|近学校|大户型居多|别墅|绿化好,已爬取,已爬取,河东
1095,https://linyi.anjuke.com/community/view/1019904,,已爬取,已爬取,开发区
1096,https://linyi.anjuke.com/community/view/972818,近地铁|近学校|大户型居多|户型丰富|别墅|绿化好,已爬取,已爬取,北城新区
1097,https://linyi.anjuke.com/community/view/972760,,已爬取,已爬取,兰陵
1098,https://linyi.anjuke.com/community/view/995828,近地铁|近学校|大户型居多|户型丰富|别墅|绿化好,已爬取,已爬取,河东
1099,https://linyi.anjuke.com/community/view/1087444,,已爬取,已爬取,罗庄
1100,https://linyi.anjuke.com/community/view/1425393,近地铁|近学校|次新小区|绿化好,已爬取,已爬取,罗庄
1101,https://linyi.anjuke.com/community/view/1376772,近地铁|近学校|大户型居多|别墅,已爬取,已爬取,河东
1102,https://linyi.anjuke.com/community/view/1385570,近地铁|近学校|小户型居多,已爬取,已爬取,河东
1103,https://linyi.anjuke.com/community/view/1469636,,已爬取,已爬取,平邑
1104,https://linyi.anjuke.com/community/view/677666,,已爬取,已爬取,罗庄
1105,https://linyi.anjuke.com/community/view/1073567,近地铁|近学校|大户型居多|户型丰富|别墅|绿化好,已爬取,已爬取,北城新区
1106,https://linyi.anjuke.com/community/view/1669440,近地铁|近学校|次新小区,已爬取,已爬取,罗庄
1107,https://linyi.anjuke.com/community/view/1384318,,已爬取,已爬取,兰陵
1108,https://linyi.anjuke.com/community/view/972754,,已爬取,已爬取,罗庄
1109,https://linyi.anjuke.com/community/view/713723,近地铁|近学校|小户型居多,已爬取,已爬取,兰山
1110,https://linyi.anjuke.com/community/view/973061,近地铁|近学校|小户型居多,已爬取,已爬取,沂南
1111,https://linyi.anjuke.com/community/view/677982,,已爬取,已爬取,临沭
1112,https://linyi.anjuke.com/community/view/1020107,,已爬取,已爬取,兰陵
1113,https://linyi.anjuke.com/community/view/1191772,近地铁|近学校|大户型居多,已爬取,已爬取,莒南
1114,https://linyi.anjuke.com/community/view/1370909,,已爬取,已爬取,沂水
1115,https://linyi.anjuke.com/community/view/677778,近地铁|近学校|小户型居多,已爬取,已爬取,罗庄
1116,https://linyi.anjuke.com/community/view/678048,近地铁|近学校|大户型居多,已爬取,已爬取,平邑
1117,https://linyi.anjuke.com/community/view/973071,,已爬取,已爬取,兰陵
1118,https://linyi.anjuke.com/community/view/1005754,,已爬取,已爬取,罗庄
1119,https://linyi.anjuke.com/community/view/1575249,近地铁|近学校|大户型居多|户型丰富|别墅,已爬取,已爬取,开发区
1120,https://linyi.anjuke.com/community/view/972719,,已爬取,已爬取,开发区
1121,https://linyi.anjuke.com/community/view/1082963,,已爬取,已爬取,开发区
1122,https://linyi.anjuke.com/community/view/713740,,已爬取,已爬取,兰山
1123,https://linyi.anjuke.com/community/view/1014917,近地铁|近学校|大户型居多|别墅|绿化好,已爬取,已爬取,北城新区
1124,https://linyi.anjuke.com/community/view/713748,,已爬取,已爬取,兰山
1125,https://linyi.anjuke.com/community/view/1424468,近地铁|近学校|小户型居多,已爬取,已爬取,郯城
1126,https://linyi.anjuke.com/community/view/972892,,已爬取,已爬取,开发区
1127,https://linyi.anjuke.com/community/view/972984,,已爬取,已爬取,罗庄
1128,https://linyi.anjuke.com/community/view/1238498,,已爬取,已爬取,兰陵
1129,https://linyi.anjuke.com/community/view/1376771,,已爬取,已爬取,河东
1130,https://linyi.anjuke.com/community/view/1667235,近地铁|近学校|次新小区,已爬取,已爬取,罗庄
1131,https://linyi.anjuke.com/community/view/677288,,已爬取,已爬取,兰山
1132,https://linyi.anjuke.com/community/view/677074,,已爬取,已爬取,兰山
1133,https://linyi.anjuke.com/community/view/1087476,,已爬取,已爬取,罗庄
1134,https://linyi.anjuke.com/community/view/1191774,近地铁|近学校|大户型居多,已爬取,已爬取,沂水
1135,https://linyi.anjuke.com/community/view/1202239,近地铁|近学校|大户型居多,已爬取,已爬取,平邑
1136,https://linyi.anjuke.com/community/view/972708,,已爬取,已爬取,费县
1137,https://linyi.anjuke.com/community/view/972792,,已爬取,已爬取,兰山
1138,https://linyi.anjuke.com/community/view/972974,,已爬取,已爬取,临沭
1139,https://linyi.anjuke.com/community/view/713802,,已爬取,已爬取,兰山
1140,https://linyi.anjuke.com/community/view/1073550,近地铁|近学校|大户型居多,已爬取,已爬取,沂水
1141,https://linyi.anjuke.com/community/view/1082069,近地铁|近学校|户型丰富,已爬取,已爬取,郯城
1142,https://linyi.anjuke.com/community/view/1293481,近地铁|近学校|小户型居多,已爬取,已爬取,兰山
1143,https://linyi.anjuke.com/community/view/677619,,已爬取,已爬取,罗庄
1144,https://linyi.anjuke.com/community/view/995204,近地铁|近学校|大户型居多|别墅|绿化好,已爬取,已爬取,罗庄
1145,https://linyi.anjuke.com/community/view/1135228,,已爬取,已爬取,平邑
1146,https://linyi.anjuke.com/community/view/677973,,已爬取,已爬取,临沭
1147,https://linyi.anjuke.com/community/view/972855,近地铁|近学校|小户型居多,已爬取,已爬取,平邑
1148,https://linyi.anjuke.com/community/view/677080,近地铁|近学校|次新小区,已爬取,已爬取,兰山
1149,https://linyi.anjuke.com/community/view/973003,近地铁|近学校|大户型居多,已爬取,已爬取,郯城
1150,https://linyi.anjuke.com/community/view/1082964,近地铁|近学校|大户型居多|户型丰富|别墅|绿化好,已爬取,已爬取,河东
1151,https://linyi.anjuke.com/community/view/1599326,,已爬取,已爬取,开发区
1152,https://linyi.anjuke.com/community/view/1577660,近地铁|近学校|小户型居多,已爬取,已爬取,河东
1153,https://linyi.anjuke.com/community/view/1627949,,已爬取,已爬取,沂水
1154,https://linyi.anjuke.com/community/view/1037852,,已爬取,已爬取,兰陵
1155,https://linyi.anjuke.com/community/view/1073565,,已爬取,已爬取,沂水
1156,https://linyi.anjuke.com/community/view/1389246,近地铁|近学校|小户型居多,已爬取,已爬取,兰山
1157,https://linyi.anjuke.com/community/view/1388611,近地铁|近学校|小户型居多,已爬取,已爬取,罗庄
1158,https://linyi.anjuke.com/community/view/1059632,,已爬取,已爬取,兰山
1159,https://linyi.anjuke.com/community/view/676827,,已爬取,已爬取,兰山
1160,https://linyi.anjuke.com/community/view/676683,,已爬取,已爬取,兰山
1161,https://linyi.anjuke.com/community/view/1068765,近地铁|近学校|大户型居多,已爬取,已爬取,兰陵
1162,https://linyi.anjuke.com/community/view/1162421,近地铁|近学校|大户型居多|户型丰富|别墅|绿化好,已爬取,已爬取,北城新区
1163,https://linyi.anjuke.com/community/view/972705,,已爬取,已爬取,费县
1164,https://linyi.anjuke.com/community/view/972605,近地铁|近学校|小户型居多,已爬取,已爬取,兰山
1165,https://linyi.anjuke.com/community/view/677636,,已爬取,已爬取,罗庄
1166,https://linyi.anjuke.com/community/view/1198613,,已爬取,已爬取,兰山
1167,https://linyi.anjuke.com/community/view/1235217,近地铁|近学校|大户型居多|别墅|绿化好,已爬取,已爬取,平邑
1168,https://linyi.anjuke.com/community/view/678201,,已爬取,已爬取,兰陵
1169,https://linyi.anjuke.com/community/view/1496459,,已爬取,已爬取,郯城
1170,https://linyi.anjuke.com/community/view/1018520,近地铁|近学校|小户型居多,已爬取,已爬取,兰山
1171,https://linyi.anjuke.com/community/view/1107255,近地铁|近学校|大户型居多,已爬取,已爬取,罗庄
1172,https://linyi.anjuke.com/community/view/1106425,,已爬取,已爬取,兰陵
1173,https://linyi.anjuke.com/community/view/1192381,,已爬取,已爬取,高新区
1174,https://linyi.anjuke.com/community/view/996809,近地铁|近学校|大户型居多|别墅,已爬取,已爬取,兰山
1175,https://linyi.anjuke.com/community/view/1082967,近地铁|近学校|大户型居多|次新小区,已爬取,已爬取,罗庄
1176,https://linyi.anjuke.com/community/view/1179513,,已爬取,已爬取,兰陵
1177,https://linyi.anjuke.com/community/view/1184564,近地铁|近学校|大户型居多,已爬取,已爬取,罗庄
1178,https://linyi.anjuke.com/community/view/677598,,已爬取,已爬取,罗庄
1179,https://linyi.anjuke.com/community/view/677933,,已爬取,已爬取,郯城
1180,https://linyi.anjuke.com/community/view/1044078,近地铁|近学校|大户型居多|别墅|绿化好,已爬取,已爬取,兰山
1181,https://linyi.anjuke.com/community/view/1066633,近地铁|近学校|大户型居多|别墅|次新小区,已爬取,已爬取,北城新区
1182,https://linyi.anjuke.com/community/view/1178876,,已爬取,已爬取,兰山
1183,https://linyi.anjuke.com/community/view/1179508,,已爬取,已爬取,北城新区
1184,https://linyi.anjuke.com/community/view/1220767,,已爬取,已爬取,兰陵
1185,https://linyi.anjuke.com/community/view/972688,近地铁|近学校|大户型居多,已爬取,已爬取,平邑
1186,https://linyi.anjuke.com/community/view/677496,近地铁|近学校|绿化好,已爬取,已爬取,兰山
1187,https://linyi.anjuke.com/community/view/972902,,已爬取,已爬取,罗庄
1188,https://linyi.anjuke.com/community/view/1135226,,已爬取,已爬取,罗庄
1189,https://linyi.anjuke.com/community/view/972965,近地铁|近学校|小户型居多,已爬取,已爬取,平邑
1190,https://linyi.anjuke.com/community/view/972841,近地铁|近学校|大户型居多|户型丰富|别墅|绿化好,已爬取,已爬取,兰山
1191,https://linyi.anjuke.com/community/view/973043,近地铁|近学校|大户型居多|别墅|绿化好,已爬取,已爬取,兰山
1192,https://linyi.anjuke.com/community/view/678186,,已爬取,已爬取,兰陵
1193,https://linyi.anjuke.com/community/view/1230381,近地铁|近学校|大户型居多|别墅|绿化好,已爬取,已爬取,开发区
1194,https://linyi.anjuke.com/community/view/677269,,已爬取,已爬取,兰山
1195,https://linyi.anjuke.com/community/view/972623,,已爬取,已爬取,费县
1196,https://linyi.anjuke.com/community/view/1593295,近地铁|近学校|大户型居多|别墅,已爬取,已爬取,罗庄
1197,https://linyi.anjuke.com/community/view/766640,,已爬取,已爬取,兰山
1198,https://linyi.anjuke.com/community/view/972825,,已爬取,已爬取,沂南
1199,https://linyi.anjuke.com/community/view/713684,近地铁|近学校|大户型居多,已爬取,已爬取,兰山
1200,https://linyi.anjuke.com/community/view/677218,,已爬取,已爬取,兰山
1201,https://linyi.anjuke.com/community/view/973216,近地铁|近学校|大户型居多,已爬取,已爬取,罗庄
1202,https://linyi.anjuke.com/community/view/677042,近地铁|近学校|大户型居多,已爬取,已爬取,河东
1203,https://linyi.anjuke.com/community/view/992369,,已爬取,已爬取,沂南
1204,https://linyi.anjuke.com/community/view/1081110,,已爬取,已爬取,罗庄
1205,https://linyi.anjuke.com/community/view/1167890,近地铁|近学校|大户型居多,已爬取,已爬取,北城新区
1206,https://linyi.anjuke.com/community/view/1382684,近地铁|近学校|大户型居多|次新小区,已爬取,已爬取,河东
1207,https://linyi.anjuke.com/community/view/945156,,已爬取,已爬取,沂水
1208,https://linyi.anjuke.com/community/view/676831,,已爬取,已爬取,兰山
1209,https://linyi.anjuke.com/community/view/677378,,已爬取,已爬取,兰山
1210,https://linyi.anjuke.com/community/view/1067180,近地铁|近学校|大户型居多,已爬取,已爬取,河东
1211,https://linyi.anjuke.com/community/view/1071638,,已爬取,已爬取,兰陵
1212,https://linyi.anjuke.com/community/view/1190680,近地铁|近学校|大户型居多,已爬取,已爬取,兰山
1213,https://linyi.anjuke.com/community/view/1205294,近地铁|近学校|大户型居多,已爬取,已爬取,兰陵
1214,https://linyi.anjuke.com/community/view/1230537,,已爬取,已爬取,河东
1215,https://linyi.anjuke.com/community/view/1415027,近地铁|近学校|大户型居多,已爬取,已爬取,平邑
1216,https://linyi.anjuke.com/community/view/1667990,,已爬取,已爬取,开发区
1217,https://linyi.anjuke.com/community/view/1843193,近地铁|近学校|大户型居多,已爬取,已爬取,沂水
1218,https://linyi.anjuke.com/community/view/677968,,已爬取,已爬取,郯城
1219,https://linyi.anjuke.com/community/view/713809,,已爬取,已爬取,兰山
1220,https://linyi.anjuke.com/community/view/677857,,已爬取,已爬取,河东
1221,https://linyi.anjuke.com/community/view/713727,,已爬取,已爬取,兰山
1222,https://linyi.anjuke.com/community/view/678162,,已爬取,已爬取,兰陵
1223,https://linyi.anjuke.com/community/view/1018018,近地铁|近学校|大户型居多,已爬取,已爬取,兰山
1224,https://linyi.anjuke.com/community/view/972817,近地铁|近学校|大户型居多|别墅,已爬取,已爬取,北城新区
1225,https://linyi.anjuke.com/community/view/1082953,近地铁|近学校|大户型居多|别墅|绿化好,已爬取,已爬取,沂水
1226,https://linyi.anjuke.com/community/view/1088121,近地铁|近学校|小户型居多,已爬取,已爬取,兰山
1227,https://linyi.anjuke.com/community/view/1173555,近地铁|近学校|小户型居多,已爬取,已爬取,罗庄
1228,https://linyi.anjuke.com/community/view/1186460,,已爬取,已爬取,兰陵
1229,https://linyi.anjuke.com/community/view/1224117,近地铁|近学校|大户型居多,已爬取,已爬取,河东
1230,https://linyi.anjuke.com/community/view/1433004,近地铁|近学校|小户型居多,已爬取,已爬取,兰山
1231,https://linyi.anjuke.com/community/view/1671101,近地铁|近学校|大户型居多|别墅,已爬取,已爬取,兰山
1232,https://linyi.anjuke.com/community/view/1693505,,已爬取,已爬取,费县
1233,https://linyi.anjuke.com/community/view/972697,近地铁|近学校|大户型居多|别墅,已爬取,已爬取,北城新区
1234,https://linyi.anjuke.com/community/view/1037611,近地铁|近学校|小户型居多,已爬取,已爬取,兰山
1235,https://linyi.anjuke.com/community/view/1060275,近地铁|近学校|大户型居多|别墅,已爬取,已爬取,河东
1236,https://linyi.anjuke.com/community/view/1220714,近地铁|近学校|小户型居多,已爬取,已爬取,兰山
1237,https://linyi.anjuke.com/community/view/1578975,,已爬取,已爬取,河东
1238,https://linyi.anjuke.com/community/view/972821,近地铁|近学校|大户型居多|别墅|绿化好,已爬取,已爬取,兰山
1239,https://linyi.anjuke.com/community/view/972846,,已爬取,已爬取,郯城
1240,https://linyi.anjuke.com/community/view/972722,,已爬取,已爬取,北城新区
1241,https://linyi.anjuke.com/community/view/972801,,已爬取,已爬取,费县
1242,https://linyi.anjuke.com/community/view/677648,,已爬取,已爬取,罗庄
1243,https://linyi.anjuke.com/community/view/972996,,已爬取,已爬取,莒南
1244,https://linyi.anjuke.com/community/view/973149,,已爬取,已爬取,郯城
1245,https://linyi.anjuke.com/community/view/1025555,,已爬取,已爬取,兰山
1246,https://linyi.anjuke.com/community/view/1062710,近地铁|近学校|大户型居多,已爬取,已爬取,兰陵
1247,https://linyi.anjuke.com/community/view/1133726,近地铁|近学校|小户型居多,已爬取,已爬取,兰山
1248,https://linyi.anjuke.com/community/view/1173647,近地铁|近学校|小户型居多,已爬取,已爬取,罗庄
1249,https://linyi.anjuke.com/community/view/1186405,,已爬取,已爬取,临沭
1250,https://linyi.anjuke.com/community/view/1195424,,已爬取,已爬取,开发区
