变量,VIF,VIF_status
plot_ratio,12.508399052772946,高共线性
greening_rate,27.358733986839653,高共线性
house_age,5.095732152844819,中等
district_兰溪,1.3080415956455973,正常
district_婺城,3.9398763967818615,正常
district_武义县,1.2218673005713196,正常
district_永康,1.7355647349829273,正常
district_浦江县,1.099470304434529,正常
district_磐安,1.0718867013210807,正常
district_金东,1.9602333242563867,正常
floor_type_低层,1.7699415628484143,正常
floor_type_地下,1.1693979839103261,正常
floor_type_未知,2.541754695361587,正常
floor_type_高层,1.9367013388961642,正常
decoration_简单装修,1.4807427178656147,正常
decoration_精装修,4.885485513726673,正常
decoration_豪华装修,1.4324958446408529,正常
property_type_别墅,2.644615476654519,正常
property_type_商住楼,1.121121011122123,正常
orientation_东北,1.104033411551334,正常
orientation_东南,1.2322460056631945,正常
orientation_东西,1.145276528518462,正常
orientation_北,1.4268186990826444,正常
orientation_南,7.25787936621929,中等
orientation_南北,35.38276289217147,高共线性
orientation_西,1.2442374089279828,正常
orientation_西北,1.0719415840707833,正常
orientation_西南,1.103590997116825,正常
